tourney_date,tourney_id,tourney_name,surface,draw_size,tourney_level,match_num,score,best_of,round,minutes,player_1,player_2,player_1_age,player_2_age,player_1_entry,player_2_entry,player_1_hand,player_2_hand,player_1_ht,player_2_ht,player_1_id,player_2_id,player_1_ioc,player_2_ioc,player_1_name,player_2_name,player_1_rank,player_2_rank,player_1_rank_points,player_2_rank_points,player_1_seed,player_2_seed,player_1_aces,player_2_aces,player_1_double_faults,player_2_double_faults,player_1_service_points,player_2_service_points,player_1_first_serves_in,player_2_first_serves_in,player_1_first_serve_points_won,player_2_first_serve_points_won,player_1_second_serve_points_won,player_2_second_serve_points_won,player_1_service_game_total,player_2_service_game_total,player_1_break_points_saved,player_2_break_points_saved,player_1_break_points_faced,player_2_break_points_faced,winner,player_1_first_serve_%,player_2_first_serve_%,player_1_first_serve_win_%,player_2_first_serve_win_%,player_1_break_points_won,player_2_break_points_won,player_1_wins,surface_Carpet,surface_Clay,surface_Grass,surface_Hard,tourney_level_A,tourney_level_D,tourney_level_F,tourney_level_G,tourney_level_M,player_1_hand_L,player_1_hand_R,player_2_hand_L,player_2_hand_R,round_ER,round_F,round_QF,round_R128,round_R16,round_R32,round_R64,round_RR,round_SF,winner_rank,loser_rank,ht_diff,age_diff,rank_diff,rank_points_diff,no_upset,year
2001-10-22,2001-328,Basel,Carpet,32,A,26,3-6 6-3 7-6(5),3,QF,101.0,Andy Roddick,Roger Federer,19.1457905544,20.205338809,,,R,R,188.0,185.0,104053,103819,USA,SUI,Andy Roddick,Roger Federer,16.0,13.0,1610.0,1745.0,6.0,4.0,9.0,11.0,1.0,2.0,93.0,84.0,54.0,51.0,41.0,43.0,22.0,18.0,15.0,15.0,4.0,1.0,6.0,3.0,Roger Federer,0.5806451612903226,0.6071428571428571,0.7592592592592593,0.8431372549019608,2.0,2.0,False,1,0,0,0,1,0,0,0,0,0,1,0,1,0,0,1,0,0,0,0,0,0,13.0,16.0,3.0,-1.0595482545999992,3.0,-135.0,True,2001
2003-06-23,2003-540,Wimbledon,Grass,128,G,125,7-6(6) 6-3 6-3,5,SF,103.0,Andy Roddick,Roger Federer,20.8131416838,21.8726899384,,,R,R,188.0,185.0,104053,103819,USA,SUI,Andy Roddick,Roger Federer,6.0,5.0,2390.0,2580.0,5.0,4.0,4.0,17.0,0.0,0.0,99.0,84.0,57.0,51.0,42.0,42.0,21.0,25.0,15.0,15.0,5.0,2.0,8.0,2.0,Roger Federer,0.5757575757575758,0.6071428571428571,0.7368421052631579,0.8235294117647058,0.0,3.0,False,0,0,1,0,0,0,0,1,0,0,1,0,1,0,0,0,0,0,0,0,0,1,5.0,6.0,3.0,-1.0595482545999992,1.0,-190.0,True,2003
2003-08-04,2003-421,Canada Masters,Hard,64,M,62,6-4 3-6 7-6(3),3,SF,116.0,Andy Roddick,Roger Federer,20.9281314168,21.9876796715,,,R,R,188.0,185.0,104053,103819,USA,SUI,Andy Roddick,Roger Federer,7.0,3.0,2630.0,3690.0,6.0,3.0,9.0,9.0,2.0,10.0,85.0,100.0,41.0,56.0,32.0,47.0,28.0,19.0,15.0,16.0,0.0,7.0,2.0,9.0,Andy Roddick,0.4823529411764706,0.56,0.7804878048780488,0.8392857142857143,2.0,2.0,True,0,0,0,1,0,0,0,0,1,0,1,0,1,0,0,0,0,0,0,0,0,1,7.0,3.0,3.0,-1.059548254700001,4.0,-1060.0,False,2003
2003-11-10,2003-605,Masters Cup,Hard,8,F,4,7-6(2) 6-2,3,SF,62.0,Andy Roddick,Roger Federer,21.196440794,22.2559890486,,,R,R,188.0,185.0,104053,103819,USA,SUI,Andy Roddick,Roger Federer,1.0,3.0,4335.0,3625.0,,,5.0,12.0,1.0,2.0,63.0,56.0,46.0,31.0,34.0,27.0,6.0,19.0,10.0,10.0,0.0,0.0,2.0,0.0,Roger Federer,0.7301587301587301,0.5535714285714286,0.7391304347826086,0.8709677419354839,0.0,2.0,False,0,0,0,1,0,0,1,0,0,0,1,0,1,0,0,0,0,0,0,0,0,1,3.0,1.0,3.0,-1.0595482545999992,-2.0,710.0,False,2003
2004-06-21,2004-540,Wimbledon,Grass,128,G,127,4-6 7-5 7-6(3) 6-4,5,F,151.0,Andy Roddick,Roger Federer,21.8097193703,22.8692676249,,,R,R,188.0,185.0,104053,103819,USA,SUI,Andy Roddick,Roger Federer,2.0,1.0,4695.0,5610.0,2.0,1.0,11.0,12.0,5.0,3.0,133.0,154.0,81.0,95.0,60.0,64.0,21.0,34.0,22.0,22.0,5.0,10.0,10.0,14.0,Roger Federer,0.6090225563909775,0.6168831168831169,0.7407407407407407,0.6736842105263158,4.0,5.0,False,0,0,1,0,0,0,0,1,0,0,1,0,1,0,1,0,0,0,0,0,0,0,1.0,2.0,3.0,-1.0595482545999992,1.0,-915.0,True,2004
2004-07-26,2004-421,Canada Masters,Hard,64,M,63,7-5 6-3,3,F,85.0,Andy Roddick,Roger Federer,21.9055441478,22.9650924025,,,R,R,188.0,185.0,104053,103819,USA,SUI,Andy Roddick,Roger Federer,2.0,1.0,4945.0,5665.0,2.0,1.0,4.0,13.0,2.0,1.0,72.0,65.0,49.0,38.0,33.0,28.0,11.0,19.0,10.0,11.0,7.0,4.0,9.0,4.0,Roger Federer,0.6805555555555556,0.5846153846153846,0.673469387755102,0.7368421052631579,0.0,2.0,False,0,0,0,1,0,0,0,0,1,0,1,0,1,0,1,0,0,0,0,0,0,0,1.0,2.0,3.0,-1.059548254700001,1.0,-720.0,True,2004
2005-06-20,2005-540,Wimbledon,Grass,128,G,127,6-2 7-6(2) 6-4,5,F,101.0,Andy Roddick,Roger Federer,22.8062970568,23.8658453114,,,R,R,188.0,185.0,104053,103819,USA,SUI,Andy Roddick,Roger Federer,4.0,1.0,3590.0,6980.0,2.0,1.0,7.0,12.0,1.0,0.0,96.0,79.0,68.0,49.0,46.0,40.0,11.0,22.0,15.0,15.0,5.0,1.0,9.0,2.0,Roger Federer,0.7083333333333334,0.620253164556962,0.6764705882352942,0.8163265306122449,1.0,4.0,False,0,0,1,0,0,0,0,1,0,0,1,0,1,0,1,0,0,0,0,0,0,0,1.0,4.0,3.0,-1.0595482546000028,3.0,-3390.0,True,2005
2005-08-15,2005-422,Cincinnati Masters,Hard,64,M,63,6-3 7-5,3,F,75.0,Andy Roddick,Roger Federer,22.9596167009,24.0191649555,,,R,R,188.0,185.0,104053,103819,USA,SUI,Andy Roddick,Roger Federer,5.0,1.0,3130.0,6500.0,5.0,1.0,11.0,5.0,1.0,1.0,59.0,50.0,33.0,32.0,24.0,28.0,12.0,10.0,11.0,10.0,2.0,1.0,6.0,2.0,Roger Federer,0.559322033898305,0.64,0.7272727272727273,0.875,1.0,4.0,False,0,0,0,1,0,0,0,0,1,0,1,0,1,0,1,0,0,0,0,0,0,0,1.0,5.0,3.0,-1.0595482545999992,4.0,-3370.0,True,2005
2006-08-28,2006-560,US Open,Hard,128,G,127,6-2 4-6 7-5 6-1,5,F,145.0,Andy Roddick,Roger Federer,23.9945242984,25.054072553,,,R,R,188.0,185.0,104053,103819,USA,SUI,Andy Roddick,Roger Federer,10.0,1.0,1890.0,7295.0,9.0,1.0,7.0,17.0,1.0,0.0,122.0,103.0,80.0,63.0,53.0,53.0,16.0,20.0,18.0,19.0,10.0,6.0,16.0,8.0,Roger Federer,0.6557377049180327,0.6116504854368932,0.6625,0.8412698412698413,2.0,6.0,False,0,0,0,1,0,0,0,1,0,0,1,0,1,0,1,0,0,0,0,0,0,0,1.0,10.0,3.0,-1.0595482546000028,9.0,-5405.0,True,2006
2006-11-13,2006-605,Masters Cup,Hard,8,F,2,4-6 7-6(8) 6-4,3,RR,149.0,Andy Roddick,Roger Federer,24.205338809,25.2648870637,,,R,R,188.0,185.0,104053,103819,USA,SUI,Andy Roddick,Roger Federer,5.0,1.0,2315.0,7620.0,,,12.0,12.0,1.0,4.0,108.0,107.0,68.0,64.0,55.0,50.0,19.0,25.0,16.0,16.0,6.0,3.0,7.0,4.0,Roger Federer,0.6296296296296297,0.5981308411214953,0.8088235294117647,0.78125,1.0,1.0,False,0,0,0,1,0,0,1,0,0,0,1,0,1,0,0,0,0,0,0,0,1,0,1.0,5.0,3.0,-1.059548254700001,4.0,-5305.0,True,2006
2007-01-15,2007-580,Australian Open,Hard,128,G,125,6-4 6-0 6-2,5,SF,83.0,Andy Roddick,Roger Federer,24.3778234086,25.4373716632,,,R,R,188.0,185.0,104053,103819,USA,SUI,Andy Roddick,Roger Federer,7.0,1.0,2415.0,8120.0,6.0,1.0,4.0,10.0,2.0,2.0,65.0,63.0,41.0,32.0,22.0,26.0,7.0,21.0,12.0,12.0,0.0,0.0,7.0,1.0,Roger Federer,0.6307692307692307,0.5079365079365079,0.5365853658536586,0.8125,1.0,7.0,False,0,0,0,1,0,0,0,1,0,0,1,0,1,0,0,0,0,0,0,0,0,1,1.0,7.0,3.0,-1.0595482545999992,6.0,-5705.0,True,2007
2007-08-27,2007-560,US Open,Hard,128,G,121,7-6(5) 7-6(4) 6-2,5,QF,121.0,Andy Roddick,Roger Federer,24.9911019849,26.0506502396,,,R,R,188.0,185.0,104053,103819,USA,SUI,Andy Roddick,Roger Federer,5.0,1.0,2990.0,7605.0,5.0,1.0,14.0,15.0,0.0,0.0,103.0,101.0,74.0,62.0,57.0,50.0,14.0,28.0,16.0,16.0,2.0,1.0,4.0,1.0,Roger Federer,0.7184466019417476,0.6138613861386139,0.7702702702702703,0.8064516129032258,0.0,2.0,False,0,0,0,1,0,0,0,1,0,0,1,0,1,0,0,1,0,0,0,0,0,0,1.0,5.0,3.0,-1.059548254700001,4.0,-4615.0,True,2007
2007-11-12,2007-605,Masters Cup,Hard,8,F,12,6-4 6-2,3,RR,61.0,Andy Roddick,Roger Federer,25.2019164956,26.2614647502,,,R,R,188.0,185.0,104053,103819,USA,SUI,Andy Roddick,Roger Federer,5.0,1.0,2330.0,6530.0,,,7.0,7.0,2.0,0.0,54.0,47.0,34.0,39.0,23.0,29.0,7.0,7.0,9.0,9.0,3.0,0.0,6.0,0.0,Roger Federer,0.6296296296296297,0.8297872340425532,0.6764705882352942,0.7435897435897436,0.0,3.0,False,0,0,0,1,0,0,1,0,0,0,1,0,1,0,0,0,0,0,0,0,1,0,1.0,5.0,3.0,-1.0595482545999992,4.0,-4200.0,True,2007
2008-03-27,2008-403,Miami Masters,Hard,96,M,89,7-6(4) 4-6 6-3,3,QF,115.0,Andy Roddick,Roger Federer,25.5660506502,26.6255989049,,,R,R,188.0,185.0,104053,103819,USA,SUI,Andy Roddick,Roger Federer,6.0,1.0,2160.0,6550.0,6.0,1.0,17.0,7.0,1.0,1.0,101.0,85.0,70.0,54.0,54.0,40.0,15.0,19.0,16.0,15.0,2.0,0.0,3.0,1.0,Andy Roddick,0.693069306930693,0.6352941176470588,0.7714285714285715,0.7407407407407407,1.0,1.0,True,0,0,0,1,0,0,0,0,1,0,1,0,1,0,0,1,0,0,0,0,0,0,6.0,1.0,3.0,-1.0595482546999975,5.0,-4390.0,False,2008
2009-01-19,2009-580,Australian Open,Hard,128,G,126,6-2 7-5 7-5,5,SF,125.0,Andy Roddick,Roger Federer,26.3901437372,27.4496919918,,,R,R,188.0,185.0,104053,103819,USA,SUI,Andy Roddick,Roger Federer,9.0,2.0,3940.0,10700.0,7.0,2.0,8.0,16.0,2.0,0.0,94.0,96.0,61.0,63.0,43.0,52.0,17.0,19.0,16.0,16.0,9.0,3.0,13.0,3.0,Roger Federer,0.648936170212766,0.65625,0.7049180327868853,0.8253968253968254,0.0,4.0,False,0,0,0,1,0,0,0,1,0,0,1,0,1,0,0,0,0,0,0,0,0,1,2.0,9.0,3.0,-1.0595482546000028,7.0,-6760.0,True,2009
2009-03-25,2009-403,Miami Masters,Hard,96,M,92,6-3 4-6 6-4,3,QF,123.0,Andy Roddick,Roger Federer,26.5626283368,27.6221765914,,,R,R,188.0,185.0,104053,103819,USA,SUI,Andy Roddick,Roger Federer,6.0,2.0,4610.0,10910.0,5.0,2.0,6.0,7.0,4.0,5.0,101.0,80.0,71.0,51.0,48.0,36.0,16.0,20.0,15.0,14.0,4.0,2.0,7.0,3.0,Roger Federer,0.7029702970297029,0.6375,0.676056338028169,0.7058823529411765,1.0,3.0,False,0,0,0,1,0,0,0,0,1,0,1,0,1,0,0,1,0,0,0,0,0,0,2.0,6.0,3.0,-1.0595482545999992,4.0,-6300.0,True,2009
2012-03-21,2012-403,Miami Masters,Hard,96,M,69,7-6(4) 1-6 6-4,3,R32,121.0,Andy Roddick,Roger Federer,29.5523613963,30.6119096509,,,R,R,188.0,185.0,104053,103819,USA,SUI,Andy Roddick,Roger Federer,34.0,3.0,1165.0,9350.0,31.0,3.0,12.0,11.0,2.0,1.0,94.0,75.0,65.0,44.0,48.0,37.0,15.0,19.0,15.0,14.0,7.0,1.0,10.0,2.0,Andy Roddick,0.6914893617021277,0.5866666666666667,0.7384615384615385,0.8409090909090909,1.0,3.0,True,0,0,0,1,0,0,0,0,1,0,1,0,1,0,0,0,0,0,1,0,0,0,34.0,3.0,3.0,-1.0595482545999992,31.0,-8185.0,False,2012
2006-04-17,2006-410,Monte Carlo Masters,Clay,64,M,1,6-3 2-6 6-3,3,R64,109.0,Novak Djokovic,Roger Federer,18.9048596851,24.6899383984,Q,,R,R,188.0,185.0,104925,103819,SRB,SUI,Novak Djokovic,Roger Federer,67.0,1.0,606.0,6810.0,,1.0,1.0,1.0,4.0,0.0,94.0,73.0,61.0,39.0,36.0,28.0,19.0,21.0,13.0,13.0,8.0,0.0,11.0,2.0,Roger Federer,0.648936170212766,0.5342465753424658,0.5901639344262295,0.717948717948718,2.0,3.0,False,0,1,0,0,0,0,0,0,1,0,1,0,1,0,0,0,0,0,0,1,0,0,1.0,67.0,3.0,-5.785078713299999,66.0,-6204.0,True,2006
2007-01-15,2007-580,Australian Open,Hard,128,G,113,6-2 7-5 6-3,5,R16,110.0,Novak Djokovic,Roger Federer,19.65229295,25.4373716632,,,R,R,188.0,185.0,104925,103819,SRB,SUI,Novak Djokovic,Roger Federer,15.0,1.0,1530.0,8120.0,14.0,1.0,7.0,12.0,2.0,1.0,101.0,80.0,62.0,50.0,38.0,40.0,18.0,20.0,14.0,15.0,3.0,1.0,8.0,2.0,Roger Federer,0.6138613861386139,0.625,0.6129032258064516,0.8,1.0,5.0,False,0,0,0,1,0,0,0,1,0,0,1,0,1,0,0,0,0,1,0,0,0,0,1.0,15.0,3.0,-5.785078713200001,14.0,-6590.0,True,2007
2007-02-26,2007-495,Dubai,Hard,32,A,25,6-3 6-7(6) 6-3,3,QF,123.0,Novak Djokovic,Roger Federer,19.7672826831,25.5523613963,,,R,R,188.0,185.0,104925,103819,SRB,SUI,Novak Djokovic,Roger Federer,14.0,1.0,1665.0,8120.0,7.0,1.0,6.0,8.0,4.0,1.0,98.0,100.0,63.0,62.0,42.0,46.0,17.0,22.0,14.0,16.0,3.0,3.0,7.0,5.0,Roger Federer,0.6428571428571429,0.62,0.6666666666666666,0.7419354838709677,2.0,4.0,False,0,0,0,1,1,0,0,0,0,0,1,0,1,0,0,1,0,0,0,0,0,0,1.0,14.0,3.0,-5.785078713200001,13.0,-6455.0,True,2007
2007-08-27,2007-560,US Open,Hard,128,G,127,7-6(4) 7-6(2) 6-4,5,F,144.0,Novak Djokovic,Roger Federer,20.2655715264,26.0506502396,,,R,R,188.0,185.0,104925,103819,SRB,SUI,Novak Djokovic,Roger Federer,3.0,1.0,3670.0,7605.0,3.0,1.0,5.0,11.0,7.0,4.0,116.0,106.0,64.0,66.0,45.0,52.0,29.0,25.0,17.0,17.0,2.0,7.0,5.0,9.0,Roger Federer,0.5517241379310345,0.6226415094339622,0.703125,0.7878787878787878,2.0,3.0,False,0,0,0,1,0,0,0,1,0,0,1,0,1,0,1,0,0,0,0,0,0,0,1.0,3.0,3.0,-5.785078713200001,2.0,-3935.0,True,2007
2008-01-14,2008-580,Australian Open,Hard,128,G,125,7-5 6-3 7-6(5),5,SF,146.0,Novak Djokovic,Roger Federer,20.6488706366,26.4339493498,,,R,R,188.0,185.0,104925,103819,SRB,SUI,Novak Djokovic,Roger Federer,3.0,1.0,4315.0,7180.0,3.0,1.0,13.0,10.0,6.0,2.0,113.0,109.0,77.0,68.0,60.0,48.0,15.0,18.0,17.0,16.0,7.0,7.0,9.0,11.0,Novak Djokovic,0.6814159292035398,0.6238532110091743,0.7792207792207793,0.7058823529411765,4.0,2.0,True,0,0,0,1,0,0,0,1,0,0,1,0,1,0,0,0,0,0,0,0,0,1,3.0,1.0,3.0,-5.785078713199997,2.0,-2865.0,False,2008
2008-04-20,2008-410,Monte Carlo Masters,Clay,56,M,53,6-3 3-2 RET,3,SF,72.0,Novak Djokovic,Roger Federer,20.9171800137,26.7022587269,,,R,R,188.0,185.0,104925,103819,SRB,SUI,Novak Djokovic,Roger Federer,3.0,1.0,4725.0,6425.0,3.0,1.0,2.0,1.0,3.0,0.0,62.0,42.0,37.0,22.0,22.0,18.0,10.0,10.0,7.0,7.0,2.0,3.0,5.0,4.0,Roger Federer,0.5967741935483871,0.5238095238095238,0.5945945945945946,0.8181818181818182,1.0,3.0,False,0,1,0,0,0,0,0,0,1,0,1,0,1,0,0,0,0,0,0,0,0,1,1.0,3.0,3.0,-5.785078713199997,2.0,-1700.0,True,2008
2008-08-25,2008-560,US Open,Hard,128,G,126,6-3 5-7 7-5 6-2,5,SF,164.0,Novak Djokovic,Roger Federer,21.2621492129,27.0472279261,,,R,R,188.0,185.0,104925,103819,SRB,SUI,Novak Djokovic,Roger Federer,3.0,2.0,5105.0,5930.0,3.0,2.0,6.0,20.0,5.0,1.0,124.0,125.0,80.0,80.0,57.0,61.0,20.0,27.0,20.0,21.0,7.0,2.0,12.0,4.0,Roger Federer,0.6451612903225806,0.64,0.7125,0.7625,2.0,5.0,False,0,0,0,1,0,0,0,1,0,0,1,0,1,0,0,0,0,0,0,0,0,1,2.0,3.0,3.0,-5.785078713200001,1.0,-825.0,True,2008
2009-03-25,2009-403,Miami Masters,Hard,96,M,94,3-6 6-2 6-3,3,SF,106.0,Novak Djokovic,Roger Federer,21.8370978782,27.6221765914,,,R,R,188.0,185.0,104925,103819,SRB,SUI,Novak Djokovic,Roger Federer,3.0,2.0,8420.0,10910.0,3.0,2.0,4.0,4.0,4.0,4.0,73.0,80.0,51.0,48.0,35.0,28.0,12.0,13.0,13.0,13.0,2.0,4.0,6.0,10.0,Novak Djokovic,0.6986301369863014,0.6,0.6862745098039216,0.5833333333333334,6.0,4.0,True,0,0,0,1,0,0,0,0,1,0,1,0,1,0,0,0,0,0,0,0,0,1,3.0,2.0,3.0,-5.785078713199997,1.0,-2490.0,False,2009
2009-04-27,2009-416,Rome Masters,Clay,56,M,54,4-6 6-3 6-3,3,SF,131.0,Novak Djokovic,Roger Federer,21.9329226557,27.7180013689,,,R,R,188.0,185.0,104925,103819,SRB,SUI,Novak Djokovic,Roger Federer,3.0,2.0,9160.0,10060.0,3.0,2.0,3.0,6.0,6.0,3.0,100.0,81.0,50.0,40.0,32.0,29.0,28.0,17.0,14.0,14.0,8.0,3.0,11.0,8.0,Novak Djokovic,0.5,0.4938271604938271,0.64,0.725,5.0,3.0,True,0,1,0,0,0,0,0,0,1,0,1,0,1,0,0,0,0,0,0,0,0,1,3.0,2.0,3.0,-5.785078713200001,1.0,-900.0,False,2009
2009-08-16,2009-422,Cincinnati Masters,Hard,56,M,55,6-1 7-5,3,F,127.0,Novak Djokovic,Roger Federer,22.2395619439,28.0246406571,,,R,R,188.0,185.0,104925,103819,SRB,SUI,Novak Djokovic,Roger Federer,4.0,1.0,7150.0,11040.0,4.0,1.0,3.0,7.0,1.0,0.0,81.0,60.0,55.0,33.0,33.0,28.0,9.0,15.0,9.0,10.0,11.0,3.0,15.0,4.0,Roger Federer,0.6790123456790124,0.55,0.6,0.8484848484848485,1.0,4.0,False,0,0,0,1,0,0,0,0,1,0,1,0,1,0,1,0,0,0,0,0,0,0,1.0,4.0,3.0,-5.785078713200001,3.0,-3890.0,True,2009
2009-08-31,2009-560,US Open,Hard,128,G,125,7-6(3) 7-5 7-5,5,SF,154.0,Novak Djokovic,Roger Federer,22.2778918549,28.0629705681,,,R,R,188.0,185.0,104925,103819,SRB,SUI,Novak Djokovic,Roger Federer,4.0,1.0,7660.0,12040.0,4.0,1.0,6.0,8.0,4.0,3.0,115.0,109.0,78.0,63.0,53.0,49.0,20.0,28.0,18.0,18.0,7.0,2.0,10.0,3.0,Roger Federer,0.6782608695652174,0.5779816513761468,0.6794871794871795,0.7777777777777778,1.0,3.0,False,0,0,0,1,0,0,0,1,0,0,1,0,1,0,0,0,0,0,0,0,0,1,1.0,4.0,3.0,-5.785078713200001,3.0,-4380.0,True,2009
2010-08-09,2010-421,Canada Masters,Hard,56,M,54,6-1 3-6 7-5,3,SF,142.0,Novak Djokovic,Roger Federer,23.2169746749,29.0020533881,,,R,R,188.0,185.0,104925,103819,SRB,SUI,Novak Djokovic,Roger Federer,2.0,3.0,6905.0,6795.0,2.0,3.0,1.0,11.0,3.0,2.0,118.0,95.0,81.0,55.0,46.0,40.0,18.0,17.0,14.0,14.0,7.0,6.0,12.0,9.0,Roger Federer,0.6864406779661016,0.5789473684210527,0.5679012345679012,0.7272727272727273,3.0,5.0,False,0,0,0,1,0,0,0,0,1,0,1,0,1,0,0,0,0,0,0,0,0,1,3.0,2.0,3.0,-5.785078713199997,-1.0,110.0,False,2010
2010-08-30,2010-560,US Open,Hard,128,G,126,5-7 6-1 5-7 6-2 7-5,5,SF,224.0,Novak Djokovic,Roger Federer,23.2744695414,29.0595482546,,,R,R,188.0,185.0,104925,103819,SRB,SUI,Novak Djokovic,Roger Federer,3.0,2.0,6665.0,7215.0,3.0,2.0,4.0,12.0,3.0,5.0,151.0,160.0,94.0,84.0,64.0,62.0,36.0,35.0,26.0,25.0,4.0,6.0,7.0,12.0,Novak Djokovic,0.6225165562913907,0.525,0.6808510638297872,0.7380952380952381,6.0,3.0,True,0,0,0,1,0,0,0,1,0,0,1,0,1,0,0,0,0,0,0,0,0,1,3.0,2.0,3.0,-5.785078713200001,1.0,-550.0,False,2010
2010-10-10,2010-5014,Shanghai Masters,Hard,56,M,54,7-5 6-4,3,SF,102.0,Novak Djokovic,Roger Federer,23.3894592745,29.1745379877,,,R,R,188.0,185.0,104925,103819,SRB,SUI,Novak Djokovic,Roger Federer,2.0,3.0,7145.0,6735.0,2.0,3.0,4.0,7.0,4.0,3.0,75.0,73.0,48.0,45.0,30.0,34.0,15.0,15.0,11.0,11.0,1.0,4.0,4.0,5.0,Roger Federer,0.64,0.6164383561643836,0.625,0.7555555555555555,1.0,3.0,False,0,0,0,1,0,0,0,0,1,0,1,0,1,0,0,0,0,0,0,0,0,1,3.0,2.0,3.0,-5.785078713200001,-1.0,410.0,False,2010
2010-11-21,2010-605,Tour Finals,Hard,8,F,4,6-1 6-4,3,SF,81.0,Novak Djokovic,Roger Federer,23.5044490075,29.2895277207,,,R,R,188.0,185.0,104925,103819,SRB,SUI,Novak Djokovic,Roger Federer,3.0,2.0,5635.0,7645.0,,,2.0,4.0,3.0,1.0,57.0,55.0,35.0,34.0,20.0,26.0,9.0,12.0,8.0,9.0,7.0,0.0,11.0,1.0,Roger Federer,0.6140350877192983,0.6181818181818182,0.5714285714285714,0.7647058823529411,1.0,4.0,False,0,0,0,1,0,0,1,0,0,0,1,0,1,0,0,0,0,0,0,0,0,1,2.0,3.0,3.0,-5.785078713200001,1.0,-2010.0,True,2010
2011-01-17,2011-580,Australian Open,Hard,128,G,126,7-6(3) 7-5 6-4,5,SF,180.0,Novak Djokovic,Roger Federer,23.6577686516,29.4428473648,,,R,R,188.0,185.0,104925,103819,SRB,SUI,Novak Djokovic,Roger Federer,3.0,2.0,6240.0,9245.0,3.0,2.0,6.0,5.0,5.0,0.0,125.0,105.0,86.0,62.0,63.0,45.0,16.0,20.0,17.0,17.0,7.0,9.0,10.0,14.0,Novak Djokovic,0.688,0.5904761904761905,0.7325581395348837,0.7258064516129032,5.0,3.0,True,0,0,0,1,0,0,0,1,0,0,1,0,1,0,0,0,0,0,0,0,0,1,3.0,2.0,3.0,-5.785078713199997,1.0,-3005.0,False,2011
2011-02-21,2011-495,Dubai,Hard,32,A,31,6-3 6-3,3,F,72.0,Novak Djokovic,Roger Federer,23.7535934292,29.5386721424,,,R,R,188.0,185.0,104925,103819,SRB,SUI,Novak Djokovic,Roger Federer,3.0,2.0,7880.0,7965.0,2.0,1.0,5.0,5.0,0.0,1.0,49.0,58.0,33.0,35.0,27.0,22.0,9.0,9.0,9.0,9.0,1.0,6.0,2.0,10.0,Novak Djokovic,0.673469387755102,0.603448275862069,0.8181818181818182,0.6285714285714286,4.0,1.0,True,0,0,0,1,1,0,0,0,0,0,1,0,1,0,1,0,0,0,0,0,0,0,3.0,2.0,3.0,-5.785078713200001,1.0,-85.0,False,2011
2011-08-29,2011-560,US Open,Hard,128,G,125,6-7(7) 4-6 6-3 6-2 7-5,5,SF,231.0,Novak Djokovic,Roger Federer,24.2710472279,30.0561259411,,,R,R,188.0,185.0,104925,103819,SRB,SUI,Novak Djokovic,Roger Federer,1.0,3.0,13920.0,8380.0,1.0,3.0,8.0,11.0,6.0,4.0,140.0,164.0,82.0,101.0,68.0,68.0,32.0,35.0,26.0,25.0,2.0,6.0,5.0,12.0,Novak Djokovic,0.5857142857142857,0.6158536585365854,0.8292682926829268,0.6732673267326733,6.0,3.0,True,0,0,0,1,0,0,0,1,0,0,1,0,1,0,0,0,0,0,0,0,0,1,1.0,3.0,3.0,-5.785078713200001,-2.0,5540.0,True,2011
2012-05-13,2012-416,Rome Masters,Clay,56,M,53,6-2 7-6(4),3,SF,100.0,Novak Djokovic,Roger Federer,24.9801505818,30.765229295,,,R,R,188.0,185.0,104925,103819,SRB,SUI,Novak Djokovic,Roger Federer,1.0,2.0,11200.0,9430.0,1.0,3.0,1.0,6.0,1.0,0.0,66.0,65.0,38.0,32.0,31.0,25.0,16.0,16.0,10.0,10.0,0.0,3.0,1.0,6.0,Novak Djokovic,0.5757575757575758,0.4923076923076923,0.8157894736842105,0.78125,3.0,1.0,True,0,1,0,0,0,0,0,0,1,0,1,0,1,0,0,0,0,0,0,0,0,1,1.0,2.0,3.0,-5.785078713200001,-1.0,1770.0,True,2012
2012-05-27,2012-520,Roland Garros,Clay,128,G,125,6-4 7-5 6-3,5,SF,125.0,Novak Djokovic,Roger Federer,25.0184804928,30.803559206,,,R,R,188.0,185.0,104925,103819,SRB,SUI,Novak Djokovic,Roger Federer,1.0,3.0,11800.0,9790.0,1.0,3.0,6.0,9.0,2.0,3.0,91.0,86.0,62.0,48.0,45.0,27.0,14.0,17.0,16.0,15.0,4.0,3.0,8.0,10.0,Novak Djokovic,0.6813186813186813,0.5581395348837209,0.7258064516129032,0.5625,7.0,4.0,True,0,1,0,0,0,0,0,1,0,0,1,0,1,0,0,0,0,0,0,0,0,1,1.0,3.0,3.0,-5.785078713200001,-2.0,2010.0,True,2012
2012-06-25,2012-540,Wimbledon,Grass,128,G,125,6-3 3-6 6-4 6-3,5,SF,139.0,Novak Djokovic,Roger Federer,25.0951403149,30.8802190281,,,R,R,188.0,185.0,104925,103819,SRB,SUI,Novak Djokovic,Roger Federer,1.0,3.0,12280.0,9435.0,1.0,3.0,9.0,12.0,2.0,0.0,115.0,101.0,73.0,65.0,52.0,49.0,24.0,26.0,18.0,19.0,8.0,2.0,11.0,3.0,Roger Federer,0.6347826086956522,0.6435643564356436,0.7123287671232876,0.7538461538461538,1.0,3.0,False,0,0,1,0,0,0,0,1,0,0,1,0,1,0,0,0,0,0,0,0,0,1,3.0,1.0,3.0,-5.785078713200001,-2.0,2845.0,False,2012
2012-08-12,2012-422,Cincinnati Masters,Hard,56,M,55,6-0 7-6(7),3,F,80.0,Novak Djokovic,Roger Federer,25.2292950034,31.0143737166,,,R,R,188.0,185.0,104925,103819,SRB,SUI,Novak Djokovic,Roger Federer,2.0,1.0,11270.0,11345.0,2.0,1.0,2.0,8.0,5.0,1.0,61.0,56.0,35.0,33.0,23.0,27.0,13.0,15.0,9.0,9.0,1.0,0.0,4.0,0.0,Roger Federer,0.5737704918032787,0.5892857142857143,0.6571428571428571,0.8181818181818182,0.0,3.0,False,0,0,0,1,0,0,0,0,1,0,1,0,1,0,1,0,0,0,0,0,0,0,1.0,2.0,3.0,-5.785078713200001,1.0,-75.0,True,2012
2012-11-05,2012-605,Tour Finals,Hard,8,F,515,7-6(6) 7-5,3,F,135.0,Novak Djokovic,Roger Federer,25.4592744695,31.2443531828,,,R,R,188.0,185.0,104925,103819,SRB,SUI,Novak Djokovic,Roger Federer,1.0,2.0,11420.0,9465.0,1.0,2.0,6.0,8.0,2.0,2.0,98.0,93.0,68.0,57.0,43.0,35.0,14.0,19.0,12.0,12.0,4.0,3.0,7.0,7.0,Novak Djokovic,0.6938775510204082,0.6129032258064516,0.6323529411764706,0.6140350877192983,4.0,3.0,True,0,0,0,1,0,0,1,0,0,0,1,0,1,0,1,0,0,0,0,0,0,0,1.0,2.0,3.0,-5.785078713300003,-1.0,1955.0,True,2012
2013-10-28,2013-352,Paris Masters,Hard,48,M,46,4-6 6-3 6-2,3,SF,121.0,Novak Djokovic,Roger Federer,26.4366872005,32.2217659138,,,R,R,188.0,185.0,104925,103819,SRB,SUI,Novak Djokovic,Roger Federer,2.0,6.0,11120.0,4245.0,2.0,5.0,7.0,5.0,5.0,4.0,92.0,89.0,60.0,59.0,43.0,40.0,17.0,12.0,14.0,13.0,3.0,6.0,5.0,10.0,Novak Djokovic,0.6521739130434783,0.6629213483146067,0.7166666666666667,0.6779661016949152,4.0,2.0,True,0,0,0,1,0,0,0,0,1,0,1,0,1,0,0,0,0,0,0,0,0,1,2.0,6.0,3.0,-5.785078713299999,-4.0,6875.0,True,2013
2013-11-04,2013-605,Tour Finals,Hard,8,F,505,6-4 6-7(2) 6-2,3,RR,142.0,Novak Djokovic,Roger Federer,26.4558521561,32.2409308693,,,R,R,188.0,185.0,104925,103819,SRB,SUI,Novak Djokovic,Roger Federer,2.0,7.0,10610.0,3805.0,2.0,6.0,9.0,5.0,2.0,5.0,101.0,103.0,57.0,56.0,40.0,37.0,23.0,23.0,15.0,15.0,3.0,6.0,5.0,11.0,Novak Djokovic,0.5643564356435643,0.5436893203883495,0.7017543859649122,0.6607142857142857,5.0,2.0,True,0,0,0,1,0,0,1,0,0,0,1,0,1,0,0,0,0,0,0,0,1,0,2.0,7.0,3.0,-5.785078713200001,-5.0,6805.0,True,2013
2014-02-24,2014-495,Dubai,Hard,32,A,29,3-6 6-3 6-2,3,SF,106.0,Novak Djokovic,Roger Federer,26.7624914442,32.5475701574,,,R,R,188.0,185.0,104925,103819,SRB,SUI,Novak Djokovic,Roger Federer,2.0,8.0,10580.0,4305.0,1.0,4.0,5.0,7.0,2.0,0.0,86.0,77.0,53.0,46.0,36.0,35.0,19.0,18.0,13.0,13.0,4.0,5.0,7.0,6.0,Roger Federer,0.6162790697674418,0.5974025974025974,0.6792452830188679,0.7608695652173914,1.0,3.0,False,0,0,0,1,1,0,0,0,0,0,1,0,1,0,0,0,0,0,0,0,0,1,8.0,2.0,3.0,-5.785078713200004,-6.0,6275.0,False,2014
2014-03-06,2014-404,Indian Wells Masters,Hard,96,M,95,3-6 6-3 7-6(3),3,F,132.0,Novak Djokovic,Roger Federer,26.7816563997,32.5667351129,,,R,R,188.0,185.0,104925,103819,SRB,SUI,Novak Djokovic,Roger Federer,2.0,8.0,10260.0,4625.0,2.0,7.0,6.0,6.0,5.0,4.0,96.0,101.0,62.0,64.0,47.0,45.0,17.0,21.0,15.0,15.0,1.0,4.0,3.0,6.0,Novak Djokovic,0.6458333333333334,0.6336633663366337,0.7580645161290323,0.703125,2.0,2.0,True,0,0,0,1,0,0,0,0,1,0,1,0,1,0,1,0,0,0,0,0,0,0,2.0,8.0,3.0,-5.785078713199997,-6.0,5635.0,True,2014
2014-04-13,2014-410,Monte Carlo Masters,Clay,56,M,54,7-5 6-2,3,SF,75.0,Novak Djokovic,Roger Federer,26.8966461328,32.681724846,,,R,R,188.0,185.0,104925,103819,SRB,SUI,Novak Djokovic,Roger Federer,2.0,4.0,11680.0,5355.0,2.0,4.0,2.0,3.0,0.0,1.0,59.0,57.0,40.0,40.0,24.0,33.0,12.0,10.0,10.0,10.0,2.0,2.0,5.0,2.0,Roger Federer,0.6779661016949152,0.7017543859649122,0.6,0.825,0.0,3.0,False,0,1,0,0,0,0,0,0,1,0,1,0,1,0,0,0,0,0,0,0,0,1,4.0,2.0,3.0,-5.785078713200001,-2.0,6325.0,False,2014
2014-06-23,2014-540,Wimbledon,Grass,128,G,127,6-7(7) 6-4 7-6(4) 5-7 6-4,5,F,236.0,Novak Djokovic,Roger Federer,27.0882956879,32.8733744011,,,R,R,188.0,185.0,104925,103819,SRB,SUI,Novak Djokovic,Roger Federer,2.0,4.0,12330.0,4945.0,1.0,4.0,13.0,29.0,3.0,5.0,174.0,192.0,108.0,133.0,79.0,102.0,43.0,26.0,28.0,28.0,4.0,11.0,7.0,15.0,Novak Djokovic,0.6206896551724138,0.6927083333333334,0.7314814814814815,0.7669172932330827,4.0,3.0,True,0,0,1,0,0,0,0,1,0,0,1,0,1,0,1,0,0,0,0,0,0,0,2.0,4.0,3.0,-5.785078713200001,-2.0,7385.0,True,2014
2014-10-05,2014-5014,Shanghai Masters,Hard,56,M,53,6-4 6-4,3,SF,96.0,Novak Djokovic,Roger Federer,27.3757700205,33.1608487337,,,R,R,188.0,185.0,104925,103819,SRB,SUI,Novak Djokovic,Roger Federer,1.0,3.0,12150.0,8170.0,1.0,3.0,5.0,8.0,0.0,1.0,77.0,72.0,53.0,51.0,32.0,35.0,13.0,13.0,10.0,10.0,8.0,1.0,10.0,1.0,Roger Federer,0.6883116883116883,0.7083333333333334,0.6037735849056604,0.6862745098039216,0.0,2.0,False,0,0,0,1,0,0,0,0,1,0,1,0,1,0,0,0,0,0,0,0,0,1,3.0,1.0,3.0,-5.785078713200001,-2.0,3980.0,False,2014
2015-02-23,2015-495,Dubai,Hard,32,A,31,6-3 7-5,3,F,84.0,Novak Djokovic,Roger Federer,27.7590691307,33.5441478439,,,R,R,188.0,185.0,104925,103819,SRB,SUI,Novak Djokovic,Roger Federer,1.0,2.0,13045.0,9205.0,1.0,2.0,1.0,12.0,2.0,1.0,62.0,79.0,39.0,51.0,27.0,41.0,12.0,11.0,10.0,11.0,0.0,7.0,2.0,7.0,Roger Federer,0.6290322580645161,0.6455696202531646,0.6923076923076923,0.803921568627451,0.0,2.0,False,0,0,0,1,1,0,0,0,0,0,1,0,1,0,1,0,0,0,0,0,0,0,2.0,1.0,3.0,-5.785078713200001,-1.0,3840.0,False,2015
2015-03-12,2015-404,Indian Wells Masters,Hard,96,M,95,6-3 6-7(5) 6-2,3,F,138.0,Novak Djokovic,Roger Federer,27.7973990418,33.582477755,,,R,R,188.0,185.0,104925,103819,SRB,SUI,Novak Djokovic,Roger Federer,1.0,2.0,13205.0,9205.0,1.0,2.0,8.0,6.0,5.0,3.0,101.0,98.0,61.0,57.0,47.0,41.0,21.0,15.0,15.0,14.0,8.0,8.0,10.0,13.0,Novak Djokovic,0.6039603960396039,0.5816326530612245,0.7704918032786885,0.7192982456140351,5.0,2.0,True,0,0,0,1,0,0,0,0,1,0,1,0,1,0,1,0,0,0,0,0,0,0,1.0,2.0,3.0,-5.785078713200001,-1.0,4000.0,True,2015
2015-05-10,2015-416,Rome Masters,Clay,56,M,55,6-4 6-3,3,F,76.0,Novak Djokovic,Roger Federer,27.9698836413,33.7549623546,,,R,R,188.0,185.0,104925,103819,SRB,SUI,Novak Djokovic,Roger Federer,1.0,2.0,13845.0,8645.0,1.0,2.0,5.0,7.0,1.0,1.0,53.0,62.0,38.0,39.0,32.0,30.0,10.0,8.0,10.0,9.0,1.0,3.0,1.0,5.0,Novak Djokovic,0.7169811320754716,0.6290322580645161,0.8421052631578947,0.7692307692307693,2.0,0.0,True,0,1,0,0,0,0,0,0,1,0,1,0,1,0,1,0,0,0,0,0,0,0,1.0,2.0,3.0,-5.785078713300003,-1.0,5200.0,True,2015
2015-08-16,2015-422,Cincinnati Masters,Hard,56,M,55,7-6(1) 6-3,3,F,90.0,Novak Djokovic,Roger Federer,28.2381930185,34.0232717317,,,R,R,188.0,185.0,104925,103819,SRB,SUI,Novak Djokovic,Roger Federer,1.0,3.0,14265.0,8065.0,1.0,2.0,5.0,7.0,4.0,2.0,79.0,61.0,47.0,35.0,33.0,29.0,15.0,19.0,10.0,11.0,7.0,0.0,8.0,0.0,Roger Federer,0.5949367088607594,0.5737704918032787,0.7021276595744681,0.8285714285714286,0.0,1.0,False,0,0,0,1,0,0,0,0,1,0,1,0,1,0,1,0,0,0,0,0,0,0,3.0,1.0,3.0,-5.785078713200001,-2.0,6200.0,False,2015
2015-08-31,2015-560,US Open,Hard,128,G,127,6-4 5-7 6-4 6-4,5,F,200.0,Novak Djokovic,Roger Federer,28.2765229295,34.0616016427,,,R,R,188.0,185.0,104925,103819,SRB,SUI,Novak Djokovic,Roger Federer,1.0,2.0,14865.0,9065.0,1.0,2.0,3.0,11.0,5.0,5.0,155.0,137.0,96.0,87.0,63.0,62.0,32.0,23.0,21.0,21.0,19.0,7.0,23.0,13.0,Novak Djokovic,0.6193548387096774,0.635036496350365,0.65625,0.7126436781609196,6.0,4.0,True,0,0,0,1,0,0,0,1,0,0,1,0,1,0,1,0,0,0,0,0,0,0,1.0,2.0,3.0,-5.785078713199997,-1.0,5800.0,True,2015
2015-11-15,2015-605,Tour Finals,Hard,8,F,515,6-3 6-4,3,F,80.0,Novak Djokovic,Roger Federer,28.4873374401,34.2724161533,,,R,R,188.0,185.0,104925,103819,SRB,SUI,Novak Djokovic,Roger Federer,1.0,3.0,15285.0,7340.0,1.0,3.0,5.0,6.0,0.0,2.0,56.0,59.0,37.0,38.0,23.0,27.0,16.0,9.0,9.0,10.0,2.0,6.0,2.0,9.0,Novak Djokovic,0.6607142857142857,0.6440677966101694,0.6216216216216216,0.7105263157894737,3.0,0.0,True,0,0,0,1,0,0,1,0,0,0,1,0,1,0,1,0,0,0,0,0,0,0,1.0,3.0,3.0,-5.785078713200001,-2.0,7945.0,True,2015
2015-11-15,2015-605,Tour Finals,Hard,8,F,506,7-5 6-2,3,RR,,Novak Djokovic,Roger Federer,28.4873374401,34.2724161533,,,R,R,188.0,185.0,104925,103819,SRB,SUI,Novak Djokovic,Roger Federer,1.0,3.0,15285.0,7340.0,1.0,3.0,2.0,6.0,1.0,2.0,64.0,52.0,47.0,36.0,24.0,27.0,12.0,12.0,10.0,10.0,4.0,2.0,8.0,3.0,Roger Federer,0.734375,0.6923076923076923,0.5106382978723404,0.75,1.0,4.0,False,0,0,0,1,0,0,1,0,0,0,1,0,1,0,0,0,0,0,0,0,1,0,3.0,1.0,3.0,-5.785078713200001,-2.0,7945.0,False,2015
2016-01-18,2016-580,Australian Open,Hard,128,G,224,6-1 6-2 3-6 6-3,5,SF,139.0,Novak Djokovic,Roger Federer,28.6598220397,34.4449007529,,,R,R,188.0,185.0,104925,103819,SRB,SUI,Novak Djokovic,Roger Federer,1.0,3.0,16790.0,8165.0,1.0,3.0,10.0,5.0,1.0,1.0,97.0,100.0,65.0,57.0,50.0,35.0,21.0,21.0,17.0,16.0,3.0,4.0,4.0,9.0,Novak Djokovic,0.6701030927835051,0.57,0.7692307692307693,0.6140350877192983,5.0,1.0,True,0,0,0,1,0,0,0,1,0,0,1,0,1,0,0,0,0,0,0,0,0,1,1.0,3.0,3.0,-5.785078713199997,-2.0,8625.0,True,2016
2018-08-13,2018-M024,Cincinnati Masters,Hard,64,M,300,6-4 6-4,3,F,84.0,Novak Djokovic,Roger Federer,31.227926078,37.0130047912,,,R,R,188.0,185.0,104925,103819,SRB,SUI,Novak Djokovic,Roger Federer,10.0,2.0,3445.0,6480.0,10.0,2.0,4.0,11.0,2.0,4.0,53.0,77.0,35.0,45.0,25.0,30.0,14.0,15.0,10.0,10.0,0.0,3.0,1.0,6.0,Novak Djokovic,0.660377358490566,0.5844155844155844,0.7142857142857143,0.6666666666666666,3.0,1.0,True,0,0,0,1,0,0,0,0,1,0,1,0,1,0,1,0,0,0,0,0,0,0,10.0,2.0,3.0,-5.785078713199997,8.0,-3035.0,False,2018
2019-07-01,2019-540,Wimbledon,Grass,128,G,226,7-6(5) 1-6 7-6(4) 4-6 13-12,5,F,297.0,Novak Djokovic,Roger Federer,32.1095140315,37.8945927447,,,R,R,188.0,185.0,104925,103819,SRB,SUI,Novak Djokovic,Roger Federer,1.0,3.0,12415.0,6620.0,1.0,2.0,10.0,25.0,9.0,6.0,219.0,203.0,136.0,127.0,101.0,100.0,39.0,39.0,34.0,34.0,6.0,5.0,13.0,8.0,Novak Djokovic,0.6210045662100456,0.625615763546798,0.7426470588235294,0.7874015748031497,3.0,7.0,True,0,0,1,0,0,0,0,1,0,0,1,0,1,0,1,0,0,0,0,0,0,0,1.0,3.0,3.0,-5.785078713200001,-2.0,5795.0,True,2019
2019-11-11,2019-0605,Tour Finals,Hard,8,F,291,6-4 6-3,3,RR,73.0,Novak Djokovic,Roger Federer,32.4736481862,38.2587268994,,,R,R,188.0,185.0,104925,103819,SRB,SUI,Novak Djokovic,Roger Federer,2.0,3.0,8945.0,6190.0,2.0,3.0,2.0,12.0,3.0,2.0,62.0,49.0,46.0,36.0,26.0,29.0,7.0,9.0,10.0,9.0,4.0,1.0,7.0,1.0,Roger Federer,0.7419354838709677,0.7346938775510204,0.5652173913043478,0.8055555555555556,0.0,3.0,False,0,0,0,1,0,0,1,0,0,0,1,0,1,0,0,0,0,0,0,0,1,0,3.0,2.0,3.0,-5.785078713200001,-1.0,2755.0,False,2019
2004-03-22,2004-403,Miami Masters,Hard,96,M,65,6-3 6-3,3,R32,70.0,Rafael Nadal,Roger Federer,17.8015058179,22.6201232033,,,L,R,185.0,185.0,104745,103819,ESP,SUI,Rafael Nadal,Roger Federer,34.0,1.0,973.0,5635.0,32.0,1.0,1.0,8.0,2.0,2.0,48.0,56.0,39.0,34.0,31.0,21.0,5.0,13.0,9.0,9.0,0.0,4.0,0.0,7.0,Rafael Nadal,0.8125,0.6071428571428571,0.7948717948717948,0.6176470588235294,3.0,0.0,True,0,0,0,1,0,0,0,0,1,1,0,0,1,0,0,0,0,0,1,0,0,0,34.0,1.0,0.0,-4.8186173854,33.0,-4662.0,False,2004
2006-04-17,2006-410,Monte Carlo Masters,Clay,64,M,63,6-2 6-7(2) 6-3 7-6(5),5,F,230.0,Rafael Nadal,Roger Federer,19.871321013,24.6899383984,,,L,R,185.0,185.0,104745,103819,ESP,SUI,Rafael Nadal,Roger Federer,2.0,1.0,4135.0,6810.0,2.0,1.0,1.0,3.0,4.0,3.0,152.0,143.0,106.0,86.0,70.0,54.0,24.0,28.0,21.0,20.0,14.0,7.0,18.0,14.0,Rafael Nadal,0.6973684210526315,0.6013986013986014,0.660377358490566,0.627906976744186,7.0,4.0,True,0,1,0,0,0,0,0,0,1,1,0,0,1,0,1,0,0,0,0,0,0,0,2.0,1.0,0.0,-4.8186173854,1.0,-2675.0,False,2006
2006-05-08,2006-416,Rome Masters,Clay,64,M,63,6-7(0) 7-6(5) 6-4 2-6 7-6(5),5,F,305.0,Rafael Nadal,Roger Federer,19.9288158795,24.7474332649,,,L,R,185.0,185.0,104745,103819,ESP,SUI,Rafael Nadal,Roger Federer,2.0,1.0,4135.0,7160.0,2.0,1.0,4.0,10.0,1.0,0.0,173.0,180.0,147.0,112.0,101.0,86.0,14.0,35.0,27.0,27.0,6.0,6.0,10.0,9.0,Rafael Nadal,0.8497109826589595,0.6222222222222222,0.6870748299319728,0.7678571428571429,3.0,4.0,True,0,1,0,0,0,0,0,0,1,1,0,0,1,0,1,0,0,0,0,0,0,0,2.0,1.0,0.0,-4.8186173854,1.0,-3025.0,False,2006
2006-05-29,2006-520,Roland Garros,Clay,128,G,127,1-6 6-1 6-4 7-6(4),5,F,182.0,Rafael Nadal,Roger Federer,19.9863107461,24.8049281314,,,L,R,185.0,185.0,104745,103819,ESP,SUI,Rafael Nadal,Roger Federer,2.0,1.0,4545.0,7010.0,2.0,1.0,3.0,8.0,0.0,1.0,111.0,119.0,85.0,72.0,59.0,49.0,17.0,25.0,18.0,18.0,7.0,8.0,10.0,12.0,Rafael Nadal,0.7657657657657657,0.6050420168067226,0.6941176470588235,0.6805555555555556,4.0,3.0,True,0,1,0,0,0,0,0,1,0,1,0,0,1,0,1,0,0,0,0,0,0,0,2.0,1.0,0.0,-4.818617385300001,1.0,-2465.0,False,2006
2006-06-26,2006-540,Wimbledon,Grass,128,G,127,6-0 7-6(5) 6-7(2) 6-3,5,F,178.0,Rafael Nadal,Roger Federer,20.0629705681,24.8815879535,,,L,R,185.0,185.0,104745,103819,ESP,SUI,Rafael Nadal,Roger Federer,2.0,1.0,4545.0,7260.0,2.0,1.0,9.0,13.0,3.0,1.0,127.0,119.0,94.0,83.0,64.0,64.0,14.0,20.0,19.0,20.0,4.0,1.0,10.0,3.0,Roger Federer,0.7401574803149606,0.6974789915966386,0.6808510638297872,0.7710843373493976,2.0,6.0,False,0,0,1,0,0,0,0,1,0,1,0,0,1,0,1,0,0,0,0,0,0,0,1.0,2.0,0.0,-4.8186173854,1.0,-2715.0,True,2006
2006-11-13,2006-605,Masters Cup,Hard,8,F,4,6-4 7-5,3,SF,113.0,Rafael Nadal,Roger Federer,20.4462696783,25.2648870637,,,L,R,185.0,185.0,104745,103819,ESP,SUI,Rafael Nadal,Roger Federer,2.0,1.0,4270.0,7620.0,,,0.0,7.0,2.0,4.0,80.0,60.0,55.0,37.0,33.0,32.0,14.0,10.0,11.0,11.0,8.0,1.0,11.0,2.0,Roger Federer,0.6875,0.6166666666666667,0.6,0.8648648648648649,1.0,3.0,False,0,0,0,1,0,0,1,0,0,1,0,0,1,0,0,0,0,0,0,0,0,1,1.0,2.0,0.0,-4.818617385400003,1.0,-3350.0,True,2006
2007-04-15,2007-410,Monte Carlo Masters,Clay,56,M,55,6-4 6-4,3,F,95.0,Rafael Nadal,Roger Federer,20.8678986995,25.6865160849,,,L,R,185.0,185.0,104745,103819,ESP,SUI,Rafael Nadal,Roger Federer,2.0,1.0,4875.0,7290.0,2.0,1.0,1.0,3.0,1.0,4.0,66.0,66.0,52.0,36.0,38.0,26.0,8.0,13.0,10.0,10.0,3.0,6.0,3.0,8.0,Rafael Nadal,0.7878787878787878,0.5454545454545454,0.7307692307692307,0.7222222222222222,2.0,0.0,True,0,1,0,0,0,0,0,0,1,1,0,0,1,0,1,0,0,0,0,0,0,0,2.0,1.0,0.0,-4.8186173854,1.0,-2415.0,False,2007
2007-05-14,2007-414,Hamburg Masters,Clay,56,M,55,2-6 6-2 6-0,3,F,115.0,Rafael Nadal,Roger Federer,20.9445585216,25.7631759069,,,L,R,185.0,185.0,104745,103819,ESP,SUI,Rafael Nadal,Roger Federer,2.0,1.0,4875.0,7015.0,2.0,1.0,1.0,6.0,1.0,0.0,79.0,73.0,62.0,38.0,32.0,29.0,8.0,17.0,11.0,11.0,6.0,5.0,11.0,7.0,Roger Federer,0.7848101265822784,0.5205479452054794,0.5161290322580645,0.7631578947368421,2.0,5.0,False,0,1,0,0,0,0,0,0,1,1,0,0,1,0,1,0,0,0,0,0,0,0,1.0,2.0,0.0,-4.818617385299998,1.0,-2140.0,True,2007
2007-05-28,2007-520,Roland Garros,Clay,128,G,127,6-3 4-6 6-3 6-4,5,F,190.0,Rafael Nadal,Roger Federer,20.9828884326,25.8015058179,,,L,R,185.0,185.0,104745,103819,ESP,SUI,Rafael Nadal,Roger Federer,2.0,1.0,5225.0,7515.0,2.0,1.0,2.0,9.0,1.0,1.0,137.0,118.0,106.0,76.0,74.0,50.0,17.0,23.0,19.0,19.0,16.0,6.0,17.0,10.0,Rafael Nadal,0.7737226277372263,0.6440677966101694,0.6981132075471698,0.6578947368421053,4.0,1.0,True,0,1,0,0,0,0,0,1,0,1,0,0,1,0,1,0,0,0,0,0,0,0,2.0,1.0,0.0,-4.818617385300001,1.0,-2290.0,False,2007
2007-11-12,2007-605,Masters Cup,Hard,8,F,4,6-4 6-1,3,SF,59.0,Rafael Nadal,Roger Federer,21.4428473648,26.2614647502,,,L,R,185.0,185.0,104745,103819,ESP,SUI,Rafael Nadal,Roger Federer,2.0,1.0,5535.0,6530.0,,,1.0,11.0,1.0,0.0,39.0,48.0,28.0,39.0,17.0,32.0,6.0,5.0,8.0,9.0,1.0,1.0,4.0,1.0,Roger Federer,0.717948717948718,0.8125,0.6071428571428571,0.8205128205128205,0.0,3.0,False,0,0,0,1,0,0,1,0,0,1,0,0,1,0,0,0,0,0,0,0,0,1,1.0,2.0,0.0,-4.8186173854,1.0,-995.0,True,2007
2008-04-20,2008-410,Monte Carlo Masters,Clay,56,M,55,7-5 7-5,3,F,103.0,Rafael Nadal,Roger Federer,21.8836413415,26.7022587269,,,L,R,185.0,185.0,104745,103819,ESP,SUI,Rafael Nadal,Roger Federer,2.0,1.0,5455.0,6425.0,2.0,1.0,1.0,5.0,2.0,0.0,63.0,75.0,51.0,47.0,32.0,28.0,5.0,8.0,12.0,12.0,1.0,1.0,5.0,7.0,Rafael Nadal,0.8095238095238095,0.6266666666666667,0.6274509803921569,0.5957446808510638,6.0,4.0,True,0,1,0,0,0,0,0,0,1,1,0,0,1,0,1,0,0,0,0,0,0,0,2.0,1.0,0.0,-4.8186173854,1.0,-970.0,False,2008
2008-05-11,2008-414,Hamburg Masters,Clay,56,M,55,7-5 6-7(3) 6-3,3,F,172.0,Rafael Nadal,Roger Federer,21.9411362081,26.7597535934,,,L,R,185.0,185.0,104745,103819,ESP,SUI,Rafael Nadal,Roger Federer,2.0,1.0,5435.0,6825.0,2.0,1.0,3.0,7.0,3.0,0.0,101.0,118.0,77.0,72.0,51.0,48.0,8.0,16.0,17.0,16.0,3.0,11.0,7.0,17.0,Rafael Nadal,0.7623762376237624,0.6101694915254238,0.6623376623376623,0.6666666666666666,6.0,4.0,True,0,1,0,0,0,0,0,0,1,1,0,0,1,0,1,0,0,0,0,0,0,0,2.0,1.0,0.0,-4.818617385299998,1.0,-1390.0,False,2008
2008-05-25,2008-520,Roland Garros,Clay,128,G,127,6-1 6-3 6-0,5,F,108.0,Rafael Nadal,Roger Federer,21.9794661191,26.7980835044,,,L,R,185.0,185.0,104745,103819,ESP,SUI,Rafael Nadal,Roger Federer,2.0,1.0,5585.0,6675.0,2.0,1.0,0.0,2.0,0.0,0.0,67.0,77.0,50.0,53.0,35.0,26.0,11.0,5.0,11.0,11.0,3.0,9.0,4.0,17.0,Rafael Nadal,0.746268656716418,0.6883116883116883,0.7,0.490566037735849,8.0,1.0,True,0,1,0,0,0,0,0,1,0,1,0,0,1,0,1,0,0,0,0,0,0,0,2.0,1.0,0.0,-4.818617385300001,1.0,-1090.0,False,2008
2008-06-23,2008-540,Wimbledon,Grass,128,G,127,6-4 6-4 6-7(5) 6-7(8) 9-7,5,F,288.0,Rafael Nadal,Roger Federer,22.0561259411,26.8747433265,,,L,R,185.0,185.0,104745,103819,ESP,SUI,Rafael Nadal,Roger Federer,2.0,1.0,5755.0,6900.0,2.0,1.0,6.0,25.0,3.0,2.0,218.0,195.0,160.0,127.0,111.0,92.0,34.0,39.0,30.0,30.0,12.0,9.0,13.0,13.0,Rafael Nadal,0.7339449541284404,0.6512820512820513,0.69375,0.7244094488188977,4.0,1.0,True,0,0,1,0,0,0,0,1,0,1,0,0,1,0,1,0,0,0,0,0,0,0,2.0,1.0,0.0,-4.8186173854,1.0,-1145.0,False,2008
2009-01-19,2009-580,Australian Open,Hard,128,G,127,7-5 3-6 7-6(3) 3-6 6-2,5,F,259.0,Rafael Nadal,Roger Federer,22.6310746064,27.4496919918,,,L,R,185.0,185.0,104745,103819,ESP,SUI,Rafael Nadal,Roger Federer,1.0,2.0,13160.0,10700.0,1.0,2.0,4.0,11.0,4.0,6.0,175.0,172.0,112.0,89.0,74.0,65.0,30.0,38.0,24.0,26.0,13.0,9.0,19.0,16.0,Rafael Nadal,0.64,0.5174418604651163,0.6607142857142857,0.7303370786516854,7.0,6.0,True,0,0,0,1,0,0,0,1,0,1,0,0,1,0,1,0,0,0,0,0,0,0,1.0,2.0,0.0,-4.818617385400003,-1.0,2460.0,True,2009
2010-05-09,2010-1536,Madrid Masters,Clay,56,M,55,6-4 7-6(5),3,F,131.0,Rafael Nadal,Roger Federer,23.9342915811,28.7529089665,,,L,R,185.0,185.0,104745,103819,ESP,SUI,Rafael Nadal,Roger Federer,3.0,1.0,6480.0,10430.0,2.0,1.0,2.0,9.0,2.0,0.0,81.0,88.0,59.0,59.0,32.0,35.0,14.0,14.0,11.0,11.0,8.0,7.0,11.0,11.0,Rafael Nadal,0.7283950617283951,0.6704545454545454,0.5423728813559322,0.5932203389830508,4.0,3.0,True,0,1,0,0,0,0,0,0,1,1,0,0,1,0,1,0,0,0,0,0,0,0,3.0,1.0,0.0,-4.818617385400003,2.0,-3950.0,False,2010
2010-11-21,2010-605,Tour Finals,Hard,8,F,5,6-3 3-6 6-1,3,F,98.0,Rafael Nadal,Roger Federer,24.4709103354,29.2895277207,,,L,R,185.0,185.0,104745,103819,ESP,SUI,Rafael Nadal,Roger Federer,1.0,2.0,11450.0,7645.0,,,1.0,7.0,1.0,1.0,66.0,64.0,51.0,40.0,33.0,37.0,10.0,14.0,12.0,13.0,0.0,1.0,3.0,2.0,Roger Federer,0.7727272727272727,0.625,0.6470588235294118,0.925,1.0,3.0,False,0,0,0,1,0,0,1,0,0,1,0,0,1,0,1,0,0,0,0,0,0,0,2.0,1.0,0.0,-4.818617385300001,-1.0,3805.0,False,2010
2011-03-23,2011-403,Miami Masters,Hard,96,M,93,6-3 6-2,3,SF,79.0,Rafael Nadal,Roger Federer,24.7967145791,29.6153319644,,,L,R,185.0,185.0,104745,103819,ESP,SUI,Rafael Nadal,Roger Federer,1.0,3.0,12630.0,8280.0,1.0,3.0,0.0,6.0,0.0,1.0,45.0,58.0,34.0,35.0,28.0,20.0,7.0,11.0,8.0,9.0,2.0,1.0,2.0,5.0,Rafael Nadal,0.7555555555555555,0.603448275862069,0.8235294117647058,0.5714285714285714,4.0,0.0,True,0,0,0,1,0,0,0,0,1,1,0,0,1,0,0,0,0,0,0,0,0,1,1.0,3.0,0.0,-4.818617385299998,-2.0,4350.0,True,2011
2011-11-20,2011-605,Tour Finals,Hard,16,F,2,6-3 6-0,3,RR,61.0,Rafael Nadal,Roger Federer,25.4674880219,30.2861054073,,,L,R,185.0,185.0,104745,103819,ESP,SUI,Rafael Nadal,Roger Federer,2.0,4.0,9375.0,6670.0,,,1.0,6.0,0.0,1.0,41.0,40.0,30.0,27.0,14.0,23.0,5.0,9.0,7.0,8.0,2.0,0.0,6.0,0.0,Roger Federer,0.7317073170731707,0.675,0.4666666666666667,0.8518518518518519,0.0,4.0,False,0,0,0,1,0,0,1,0,0,1,0,0,1,0,0,0,0,0,0,0,1,0,4.0,2.0,0.0,-4.8186173854,-2.0,2705.0,False,2011
2012-03-08,2012-404,Indian Wells Masters,Hard,96,M,94,6-3 6-4,3,SF,92.0,Rafael Nadal,Roger Federer,25.7549623546,30.5735797399,,,L,R,185.0,185.0,104745,103819,ESP,SUI,Rafael Nadal,Roger Federer,2.0,3.0,10415.0,8710.0,2.0,3.0,0.0,6.0,2.0,2.0,56.0,56.0,40.0,36.0,23.0,23.0,7.0,13.0,9.0,10.0,2.0,2.0,6.0,4.0,Roger Federer,0.7142857142857143,0.6428571428571429,0.575,0.6388888888888888,2.0,4.0,False,0,0,0,1,0,0,0,0,1,1,0,0,1,0,0,0,0,0,0,0,0,1,3.0,2.0,0.0,-4.818617385300001,-1.0,1705.0,False,2012
2013-03-07,2013-404,Indian Wells Masters,Hard,96,M,92,6-4 6-2,3,QF,85.0,Rafael Nadal,Roger Federer,26.7515400411,31.5701574264,,,L,R,185.0,185.0,104745,103819,ESP,SUI,Rafael Nadal,Roger Federer,5.0,2.0,6105.0,9535.0,5.0,2.0,1.0,4.0,2.0,0.0,52.0,75.0,35.0,48.0,27.0,30.0,9.0,8.0,9.0,9.0,1.0,7.0,2.0,11.0,Rafael Nadal,0.6730769230769231,0.64,0.7714285714285715,0.625,4.0,1.0,True,0,0,0,1,0,0,0,0,1,1,0,0,1,0,0,1,0,0,0,0,0,0,5.0,2.0,0.0,-4.818617385300001,3.0,-3430.0,False,2013
2013-05-12,2013-416,Rome Masters,Clay,56,M,55,6-1 6-3,3,F,69.0,Rafael Nadal,Roger Federer,26.9431895962,31.7618069815,,,L,R,185.0,185.0,104745,103819,ESP,SUI,Rafael Nadal,Roger Federer,5.0,3.0,6895.0,7760.0,5.0,2.0,1.0,3.0,1.0,0.0,42.0,53.0,31.0,30.0,22.0,17.0,8.0,7.0,8.0,8.0,1.0,1.0,2.0,6.0,Rafael Nadal,0.7380952380952381,0.5660377358490566,0.7096774193548387,0.5666666666666667,5.0,1.0,True,0,1,0,0,0,0,0,0,1,1,0,0,1,0,1,0,0,0,0,0,0,0,5.0,3.0,0.0,-4.818617385300001,2.0,-865.0,False,2013
2013-08-11,2013-422,Cincinnati Masters,Hard,56,M,51,5-7 6-4 6-3,3,QF,134.0,Rafael Nadal,Roger Federer,27.1923340178,32.0109514031,,,L,R,185.0,185.0,104745,103819,ESP,SUI,Rafael Nadal,Roger Federer,3.0,5.0,7860.0,5515.0,4.0,5.0,3.0,4.0,1.0,0.0,94.0,102.0,69.0,65.0,51.0,44.0,15.0,23.0,16.0,15.0,1.0,7.0,2.0,9.0,Rafael Nadal,0.7340425531914894,0.6372549019607843,0.7391304347826086,0.676923076923077,2.0,1.0,True,0,0,0,1,0,0,0,0,1,1,0,0,1,0,0,1,0,0,0,0,0,0,3.0,5.0,0.0,-4.818617385300001,-2.0,2345.0,True,2013
2013-11-04,2013-605,Tour Finals,Hard,8,F,514,7-5 6-3,3,SF,80.0,Rafael Nadal,Roger Federer,27.4223134839,32.2409308693,,,L,R,185.0,185.0,104745,103819,ESP,SUI,Rafael Nadal,Roger Federer,1.0,7.0,12030.0,3805.0,1.0,6.0,2.0,6.0,0.0,1.0,56.0,59.0,43.0,39.0,32.0,27.0,9.0,8.0,10.0,11.0,3.0,0.0,4.0,4.0,Rafael Nadal,0.7678571428571429,0.6610169491525424,0.7441860465116279,0.6923076923076923,4.0,1.0,True,0,0,0,1,0,0,1,0,0,1,0,0,1,0,0,0,0,0,0,0,0,1,1.0,7.0,0.0,-4.818617385400003,-6.0,8225.0,True,2013
2014-01-13,2014-580,Australian Open,Hard,128,G,125,7-6(4) 6-3 6-3,5,SF,144.0,Rafael Nadal,Roger Federer,27.613963039,32.4325804244,,,L,R,185.0,185.0,104745,103819,ESP,SUI,Rafael Nadal,Roger Federer,1.0,6.0,13130.0,4355.0,1.0,6.0,3.0,8.0,1.0,1.0,86.0,105.0,56.0,69.0,41.0,45.0,22.0,18.0,15.0,15.0,1.0,10.0,2.0,14.0,Rafael Nadal,0.6511627906976745,0.6571428571428571,0.7321428571428571,0.6521739130434783,4.0,1.0,True,0,0,0,1,0,0,0,1,0,1,0,0,1,0,0,0,0,0,0,0,0,1,1.0,6.0,0.0,-4.8186173854,-5.0,8775.0,True,2014
2015-10-26,2015-328,Basel,Hard,32,A,31,6-3 5-7 6-3,3,F,123.0,Rafael Nadal,Roger Federer,29.3963039014,34.2149212868,,,L,R,185.0,185.0,104745,103819,ESP,SUI,Rafael Nadal,Roger Federer,7.0,3.0,4330.0,7930.0,3.0,1.0,0.0,12.0,3.0,2.0,90.0,90.0,61.0,61.0,40.0,46.0,18.0,17.0,15.0,15.0,4.0,2.0,7.0,3.0,Roger Federer,0.6777777777777778,0.6777777777777778,0.6557377049180327,0.7540983606557377,1.0,3.0,False,0,0,0,1,1,0,0,0,0,1,0,0,1,0,1,0,0,0,0,0,0,0,3.0,7.0,0.0,-4.8186173854,4.0,-3600.0,True,2015
2017-01-16,2017-580,Australian Open,Hard,128,G,226,6-4 3-6 6-1 3-6 6-3,5,F,217.0,Rafael Nadal,Roger Federer,30.6228610541,35.4414784394,,,L,R,185.0,185.0,104745,103819,ESP,SUI,Rafael Nadal,Roger Federer,9.0,17.0,3195.0,1980.0,9.0,17.0,4.0,20.0,3.0,3.0,151.0,138.0,110.0,85.0,69.0,65.0,23.0,26.0,22.0,22.0,14.0,13.0,20.0,17.0,Roger Federer,0.7284768211920529,0.6159420289855072,0.6272727272727273,0.7647058823529411,4.0,6.0,False,0,0,0,1,0,0,0,1,0,1,0,0,1,0,1,0,0,0,0,0,0,0,17.0,9.0,0.0,-4.818617385300001,-8.0,1215.0,False,2017
2017-10-09,2017-5014,Shanghai Masters,Hard,64,M,300,6-4 6-3,3,F,72.0,Rafael Nadal,Roger Federer,31.3511293634,36.1697467488,,,L,R,185.0,185.0,104745,103819,ESP,SUI,Rafael Nadal,Roger Federer,1.0,2.0,9875.0,7505.0,1.0,2.0,4.0,10.0,0.0,0.0,61.0,44.0,45.0,30.0,28.0,25.0,8.0,11.0,10.0,9.0,4.0,0.0,7.0,0.0,Roger Federer,0.7377049180327869,0.6818181818181818,0.6222222222222222,0.8333333333333334,0.0,3.0,False,0,0,0,1,0,0,0,0,1,1,0,0,1,0,1,0,0,0,0,0,0,0,2.0,1.0,0.0,-4.818617385400003,-1.0,2370.0,False,2017
2019-05-27,2019-520,Roland Garros,Clay,128,G,1602,6-3 6-4 6-2,5,SF,145.0,Rafael Nadal,Roger Federer,32.9801505818,37.7987679671,,,L,R,185.0,185.0,104745,103819,ESP,SUI,Rafael Nadal,Roger Federer,2.0,3.0,7945.0,5950.0,2.0,3.0,3.0,3.0,1.0,1.0,88.0,93.0,72.0,55.0,49.0,34.0,9.0,15.0,14.0,13.0,2.0,10.0,4.0,16.0,Rafael Nadal,0.8181818181818182,0.5913978494623656,0.6805555555555556,0.6181818181818182,6.0,2.0,True,0,1,0,0,0,0,0,1,0,1,0,0,1,0,0,0,0,0,0,0,0,1,2.0,3.0,0.0,-4.818617385300001,-1.0,1995.0,True,2019
2019-07-01,2019-540,Wimbledon,Grass,128,G,225,7-6(3) 1-6 6-3 6-4,5,SF,182.0,Rafael Nadal,Roger Federer,33.0759753593,37.8945927447,,,L,R,185.0,185.0,104745,103819,ESP,SUI,Rafael Nadal,Roger Federer,2.0,3.0,7945.0,6620.0,3.0,2.0,10.0,14.0,4.0,1.0,127.0,116.0,81.0,79.0,60.0,58.0,22.0,23.0,20.0,19.0,8.0,6.0,10.0,8.0,Roger Federer,0.6377952755905512,0.6810344827586207,0.7407407407407407,0.7341772151898734,2.0,2.0,False,0,0,1,0,0,0,0,1,0,1,0,0,1,0,0,0,0,0,0,0,0,1,3.0,2.0,0.0,-4.818617385399996,-1.0,1325.0,False,2019
2006-08-14,2006-422,Cincinnati Masters,Hard,64,M,33,7-5 6-4,3,R32,97.0,Andy Murray,Roger Federer,19.2498288843,25.015742642,,,R,R,190.0,185.0,104918,103819,GBR,SUI,Andy Murray,Roger Federer,21.0,1.0,1210.0,7760.0,,1.0,4.0,6.0,3.0,3.0,68.0,76.0,28.0,42.0,17.0,24.0,19.0,13.0,11.0,11.0,2.0,7.0,7.0,14.0,Andy Murray,0.4117647058823529,0.5526315789473685,0.6071428571428571,0.5714285714285714,7.0,5.0,True,0,0,0,1,0,0,0,0,1,0,1,0,1,0,0,0,0,0,1,0,0,0,21.0,1.0,5.0,-5.765913757699998,20.0,-6550.0,False,2006
2008-03-03,2008-495,Dubai,Hard,32,A,1,6-7(6) 6-3 6-4,3,R32,115.0,Andy Murray,Roger Federer,20.8021902806,26.5681040383,,,R,R,190.0,185.0,104918,103819,GBR,SUI,Andy Murray,Roger Federer,11.0,1.0,1625.0,6330.0,,1.0,10.0,6.0,3.0,2.0,96.0,88.0,53.0,58.0,48.0,44.0,25.0,18.0,16.0,15.0,0.0,2.0,0.0,4.0,Andy Murray,0.5520833333333334,0.6590909090909091,0.9056603773584906,0.7586206896551724,2.0,0.0,True,0,0,0,1,1,0,0,0,0,0,1,0,1,0,0,0,0,0,1,0,0,0,11.0,1.0,5.0,-5.765913757699998,10.0,-4705.0,False,2008
2008-08-25,2008-560,US Open,Hard,128,G,127,6-2 7-5 6-2,5,F,111.0,Andy Murray,Roger Federer,21.2813141684,27.0472279261,,,R,R,190.0,185.0,104918,103819,GBR,SUI,Andy Murray,Roger Federer,6.0,2.0,2415.0,5930.0,6.0,2.0,3.0,3.0,3.0,0.0,81.0,81.0,45.0,47.0,23.0,37.0,17.0,16.0,14.0,14.0,3.0,3.0,10.0,5.0,Roger Federer,0.5555555555555556,0.5802469135802469,0.5111111111111111,0.7872340425531915,2.0,7.0,False,0,0,0,1,0,0,0,1,0,0,1,0,1,0,1,0,0,0,0,0,0,0,2.0,6.0,5.0,-5.765913757699998,4.0,-3515.0,True,2008
2008-10-12,2008-1536,Madrid Masters,Hard,48,M,46,3-6 6-3 7-5,3,SF,117.0,Andy Murray,Roger Federer,21.4154688569,27.1813826146,,,R,R,190.0,185.0,104918,103819,GBR,SUI,Andy Murray,Roger Federer,4.0,2.0,2995.0,5930.0,4.0,2.0,14.0,7.0,2.0,1.0,86.0,98.0,53.0,65.0,45.0,46.0,17.0,18.0,15.0,15.0,2.0,7.0,3.0,9.0,Andy Murray,0.6162790697674418,0.6632653061224489,0.8490566037735849,0.7076923076923077,2.0,1.0,True,0,0,0,1,0,0,0,0,1,0,1,0,1,0,0,0,0,0,0,0,0,1,4.0,2.0,5.0,-5.765913757700002,2.0,-2935.0,False,2008
2008-11-09,2008-605,Masters Cup,Hard,8,F,14,4-6 7-6(3) 7-5,3,RR,181.0,Andy Murray,Roger Federer,21.492128679,27.2580424367,,,R,R,190.0,185.0,104918,103819,GBR,SUI,Andy Murray,Roger Federer,4.0,2.0,3420.0,5205.0,,,7.0,11.0,3.0,3.0,112.0,131.0,63.0,68.0,44.0,40.0,21.0,31.0,17.0,17.0,8.0,12.0,14.0,18.0,Andy Murray,0.5625,0.5190839694656488,0.6984126984126984,0.5882352941176471,6.0,6.0,True,0,0,0,1,0,0,1,0,0,0,1,0,1,0,0,0,0,0,0,0,1,0,4.0,2.0,5.0,-5.765913757699998,2.0,-1785.0,False,2008
2009-03-12,2009-404,Indian Wells Masters,Hard,96,M,94,6-3 4-6 6-1,3,SF,108.0,Andy Murray,Roger Federer,21.8179329227,27.5838466804,,,R,R,190.0,185.0,104918,103819,GBR,SUI,Andy Murray,Roger Federer,4.0,2.0,7400.0,11000.0,4.0,2.0,6.0,3.0,3.0,0.0,82.0,74.0,49.0,42.0,35.0,27.0,19.0,15.0,13.0,13.0,8.0,1.0,10.0,6.0,Andy Murray,0.5975609756097561,0.5675675675675675,0.7142857142857143,0.6428571428571429,5.0,2.0,True,0,0,0,1,0,0,0,0,1,0,1,0,1,0,0,0,0,0,0,0,0,1,4.0,2.0,5.0,-5.765913757700002,2.0,-3600.0,False,2009
2009-08-16,2009-422,Cincinnati Masters,Hard,56,M,53,6-2 7-6(8),3,SF,90.0,Andy Murray,Roger Federer,22.2587268994,28.0246406571,,,R,R,190.0,185.0,104918,103819,GBR,SUI,Andy Murray,Roger Federer,2.0,1.0,9250.0,11040.0,3.0,1.0,10.0,4.0,3.0,1.0,70.0,62.0,36.0,35.0,26.0,31.0,20.0,16.0,10.0,10.0,4.0,0.0,6.0,0.0,Roger Federer,0.5142857142857142,0.5645161290322581,0.7222222222222222,0.8857142857142857,0.0,2.0,False,0,0,0,1,0,0,0,0,1,0,1,0,1,0,0,0,0,0,0,0,0,1,1.0,2.0,5.0,-5.765913757700002,1.0,-1790.0,True,2009
2009-11-22,2009-605,Tour Finals,Hard,8,F,2,3-6 6-3 6-1,3,RR,118.0,Andy Murray,Roger Federer,22.5270362765,28.2929500342,,,R,R,190.0,185.0,104918,103819,GBR,SUI,Andy Murray,Roger Federer,4.0,1.0,6630.0,10150.0,,,9.0,6.0,8.0,1.0,101.0,67.0,46.0,43.0,33.0,37.0,21.0,9.0,13.0,12.0,8.0,3.0,13.0,5.0,Roger Federer,0.4554455445544554,0.6417910447761194,0.717391304347826,0.8604651162790697,2.0,5.0,False,0,0,0,1,0,0,1,0,0,0,1,0,1,0,0,0,0,0,0,0,1,0,1.0,4.0,5.0,-5.765913757700002,3.0,-3520.0,True,2009
2010-08-09,2010-421,Canada Masters,Hard,56,M,55,7-5 7-5,3,F,125.0,Andy Murray,Roger Federer,23.2361396304,29.0020533881,,,R,R,190.0,185.0,104918,103819,GBR,SUI,Andy Murray,Roger Federer,4.0,3.0,5305.0,6795.0,4.0,3.0,6.0,4.0,5.0,1.0,65.0,67.0,35.0,43.0,26.0,27.0,15.0,11.0,12.0,12.0,1.0,5.0,4.0,10.0,Andy Murray,0.5384615384615384,0.6417910447761194,0.7428571428571429,0.627906976744186,5.0,3.0,True,0,0,0,1,0,0,0,0,1,0,1,0,1,0,1,0,0,0,0,0,0,0,4.0,3.0,5.0,-5.765913757699998,1.0,-1490.0,False,2010
2010-10-10,2010-5014,Shanghai Masters,Hard,56,M,55,6-3 6-2,3,F,85.0,Andy Murray,Roger Federer,23.40862423,29.1745379877,,,R,R,190.0,185.0,104918,103819,GBR,SUI,Andy Murray,Roger Federer,4.0,3.0,5125.0,6735.0,4.0,3.0,6.0,3.0,1.0,2.0,53.0,69.0,28.0,48.0,23.0,31.0,14.0,5.0,8.0,9.0,6.0,4.0,6.0,8.0,Andy Murray,0.5283018867924528,0.6956521739130435,0.8214285714285714,0.6458333333333334,4.0,0.0,True,0,0,0,1,0,0,0,0,1,0,1,0,1,0,1,0,0,0,0,0,0,0,4.0,3.0,5.0,-5.765913757699998,1.0,-1610.0,False,2010
2010-11-21,2010-605,Tour Finals,Hard,8,F,2,6-4 6-2,3,RR,77.0,Andy Murray,Roger Federer,23.523613963,29.2895277207,,,R,R,190.0,185.0,104918,103819,GBR,SUI,Andy Murray,Roger Federer,5.0,2.0,5360.0,7645.0,,,4.0,4.0,1.0,0.0,62.0,44.0,27.0,24.0,16.0,21.0,19.0,15.0,9.0,9.0,5.0,0.0,8.0,0.0,Roger Federer,0.4354838709677419,0.5454545454545454,0.5925925925925926,0.875,0.0,3.0,False,0,0,0,1,0,0,1,0,0,0,1,0,1,0,0,0,0,0,0,0,1,0,2.0,5.0,5.0,-5.765913757700002,3.0,-2285.0,True,2010
2012-02-27,2012-495,Dubai,Hard,32,A,31,7-5 6-4,3,F,97.0,Andy Murray,Roger Federer,24.7885010267,30.5544147844,,,R,R,190.0,185.0,104918,103819,GBR,SUI,Andy Murray,Roger Federer,4.0,3.0,7150.0,8235.0,3.0,2.0,7.0,4.0,3.0,2.0,66.0,64.0,32.0,32.0,21.0,24.0,19.0,21.0,11.0,11.0,6.0,2.0,9.0,3.0,Roger Federer,0.4848484848484848,0.5,0.65625,0.75,1.0,3.0,False,0,0,0,1,1,0,0,0,0,0,1,0,1,0,1,0,0,0,0,0,0,0,3.0,4.0,5.0,-5.765913757699998,1.0,-1085.0,True,2012
2012-06-25,2012-540,Wimbledon,Grass,128,G,127,4-6 7-5 6-3 6-4,5,F,204.0,Andy Murray,Roger Federer,25.1143052704,30.8802190281,,,R,R,190.0,185.0,104918,103819,GBR,SUI,Andy Murray,Roger Federer,4.0,3.0,6980.0,9435.0,4.0,3.0,16.0,12.0,1.0,3.0,157.0,131.0,88.0,90.0,61.0,68.0,33.0,20.0,20.0,21.0,8.0,5.0,12.0,7.0,Roger Federer,0.5605095541401274,0.6870229007633588,0.6931818181818182,0.7555555555555555,2.0,4.0,False,0,0,1,0,0,0,0,1,0,0,1,0,1,0,1,0,0,0,0,0,0,0,3.0,4.0,5.0,-5.765913757700002,1.0,-2455.0,True,2012
2012-07-25,2012-96,London Olympics,Grass,64,A,63,6-2 6-1 6-4,5,F,116.0,Andy Murray,Roger Federer,25.1909650924,30.9568788501,,,R,R,190.0,185.0,104918,103819,GBR,SUI,Andy Murray,Roger Federer,4.0,1.0,7460.0,11075.0,3.0,1.0,5.0,9.0,1.0,1.0,87.0,78.0,44.0,51.0,35.0,33.0,27.0,10.0,13.0,12.0,9.0,5.0,9.0,10.0,Andy Murray,0.5057471264367817,0.6538461538461539,0.7954545454545454,0.6470588235294118,5.0,0.0,True,0,0,1,0,1,0,0,0,0,0,1,0,1,0,1,0,0,0,0,0,0,0,4.0,1.0,5.0,-5.765913757700002,3.0,-3615.0,False,2012
2012-10-07,2012-5014,Shanghai Masters,Hard,56,M,53,6-4 6-4,3,SF,98.0,Andy Murray,Roger Federer,25.401779603,31.1676933607,,,R,R,190.0,185.0,104918,103819,GBR,SUI,Andy Murray,Roger Federer,3.0,1.0,8090.0,11805.0,3.0,1.0,5.0,4.0,3.0,5.0,57.0,80.0,30.0,47.0,26.0,31.0,12.0,12.0,10.0,10.0,0.0,8.0,1.0,11.0,Andy Murray,0.5263157894736842,0.5875,0.8666666666666667,0.6595744680851063,3.0,1.0,True,0,0,0,1,0,0,0,0,1,0,1,0,1,0,0,0,0,0,0,0,0,1,3.0,1.0,5.0,-5.765913757699998,2.0,-3715.0,False,2012
2012-11-05,2012-605,Tour Finals,Hard,8,F,514,7-6(5) 6-2,3,SF,94.0,Andy Murray,Roger Federer,25.4784394251,31.2443531828,,,R,R,190.0,185.0,104918,103819,GBR,SUI,Andy Murray,Roger Federer,3.0,2.0,7600.0,9465.0,3.0,2.0,5.0,2.0,1.0,0.0,66.0,59.0,31.0,32.0,25.0,27.0,15.0,17.0,10.0,10.0,0.0,1.0,3.0,2.0,Roger Federer,0.4696969696969697,0.5423728813559322,0.8064516129032258,0.84375,1.0,3.0,False,0,0,0,1,0,0,1,0,0,0,1,0,1,0,0,0,0,0,0,0,0,1,2.0,3.0,5.0,-5.765913757700002,1.0,-1865.0,True,2012
2013-01-14,2013-580,Australian Open,Hard,128,G,126,6-4 6-7(5) 6-3 6-7(2) 6-2,5,SF,240.0,Andy Murray,Roger Federer,25.6700889802,31.4360027379,,,R,R,190.0,185.0,104918,103819,GBR,SUI,Andy Murray,Roger Federer,3.0,2.0,8000.0,10265.0,3.0,2.0,21.0,5.0,0.0,2.0,157.0,171.0,100.0,106.0,75.0,77.0,36.0,28.0,26.0,25.0,4.0,10.0,6.0,16.0,Andy Murray,0.6369426751592356,0.6198830409356725,0.75,0.7264150943396226,6.0,2.0,True,0,0,0,1,0,0,0,1,0,0,1,0,1,0,0,0,0,0,0,0,0,1,3.0,2.0,5.0,-5.765913757700002,1.0,-2265.0,False,2013
2014-01-13,2014-580,Australian Open,Hard,128,G,122,6-3 6-4 6-7(6) 6-3,5,QF,200.0,Andy Murray,Roger Federer,26.6666666667,32.4325804244,,,R,R,190.0,185.0,104918,103819,GBR,SUI,Andy Murray,Roger Federer,4.0,6.0,5560.0,4355.0,4.0,6.0,9.0,10.0,1.0,0.0,146.0,122.0,89.0,78.0,60.0,60.0,28.0,29.0,19.0,21.0,13.0,1.0,17.0,2.0,Roger Federer,0.6095890410958904,0.639344262295082,0.6741573033707865,0.7692307692307693,1.0,4.0,False,0,0,0,1,0,0,0,1,0,0,1,0,1,0,0,1,0,0,0,0,0,0,6.0,4.0,5.0,-5.765913757700002,-2.0,1205.0,False,2014
2014-08-10,2014-422,Cincinnati Masters,Hard,56,M,52,6-3 7-5,3,QF,93.0,Andy Murray,Roger Federer,27.241615332,33.0075290897,,,R,R,190.0,185.0,104918,103819,GBR,SUI,Andy Murray,Roger Federer,9.0,3.0,3150.0,6670.0,8.0,2.0,6.0,3.0,2.0,3.0,73.0,63.0,35.0,38.0,21.0,27.0,17.0,13.0,11.0,10.0,8.0,4.0,13.0,6.0,Roger Federer,0.4794520547945205,0.6031746031746031,0.6,0.7105263157894737,2.0,5.0,False,0,0,0,1,0,0,0,0,1,0,1,0,1,0,0,1,0,0,0,0,0,0,3.0,9.0,5.0,-5.765913757700002,6.0,-3520.0,True,2014
2015-08-16,2015-422,Cincinnati Masters,Hard,56,M,54,6-4 7-6(6),3,SF,,Andy Murray,Roger Federer,28.257357974,34.0232717317,,,R,R,190.0,185.0,104918,103819,GBR,SUI,Andy Murray,Roger Federer,2.0,3.0,8660.0,8065.0,3.0,2.0,9.0,4.0,0.0,2.0,80.0,64.0,49.0,35.0,36.0,27.0,17.0,23.0,11.0,11.0,3.0,0.0,4.0,0.0,Roger Federer,0.6125,0.546875,0.7346938775510204,0.7714285714285715,0.0,1.0,False,0,0,0,1,0,0,0,0,1,0,1,0,1,0,0,0,0,0,0,0,0,1,3.0,2.0,5.0,-5.765913757699998,-1.0,595.0,False,2015
