,PlayerID,Player_Name_x,Age,Height,MaxRank,Hand,Country,win%,ace_count,aces_per_game,breakpoint_count,breakpoints_per_game,top_30_win%,top_100_win%,hard_win%,clay_win%,grass_win%,carpet_win%,Unnamed: 0,Player_Name_y,Height(cm),Matches Played,Overall_Win%_30matches,Top_100_Win%_30matches,Top_30_Win%_30matches,First_Serve%_30matches,First_Serve_Win%_30matches,BPSave%_30matches,BPConv%_30matches,Aces/Match_30matches,DF/Match_30matches,Future Top 30
0,103720,Lleyton Hewitt,20.7529089665,180.0,1.0,R,AUS,0.7,605.0,0.925,605.0,0.9250764525993884,0.5491803278688525,0.6560747663551402,0.6919060052219321,0.648854961832061,0.775,0.75,103720,Lleyton Hewitt,180.0,30,0.7,0.6896551724137931,0.5,0.6141670807328141,0.7237594122258043,0.6421052631578947,0.45,3.633333333333333,2.1666666666666665,True
1,103017,Nicolas Kiefer,22.5352498289,183.0,4.0,R,GER,0.57,355.0,0.937,355.0,0.9366754617414248,0.445859872611465,0.5316455696202531,0.6157205240174672,0.4567901234567901,0.5757575757575758,0.5555555555555556,103017,Nicolas Kiefer,183.0,30,0.6333333333333333,0.5833333333333334,0.5714285714285714,0.5125858460228305,0.7564376021517066,0.631336405529954,0.4210526315789473,6.333333333333333,4.8,True
2,103264,Mariano Puerta,26.9048596851,180.0,9.0,L,ARG,0.49,147.0,0.948,147.0,0.9483870967741935,0.25,0.4365079365079365,0.4,0.5596330275229358,0.0,0.125,103264,Mariano Puerta,180.0,30,0.3333333333333333,0.2592592592592592,0.0909090909090909,0.6556375598160054,0.6522127915880669,0.6330935251798561,0.4239130434782608,3.8666666666666663,2.1666666666666665,True
3,102845,Carlos Moya,22.546201232,190.0,1.0,R,ESP,0.64,444.0,0.957,444.0,0.9568965517241379,0.5,0.5972972972972973,0.56353591160221,0.7042801556420234,0.5,0.5833333333333334,102845,Carlos Moya,190.0,30,0.6333333333333333,0.5454545454545454,0.4545454545454545,0.5373644188564253,0.6838117929472557,0.6484641638225256,0.4052287581699346,4.266666666666667,3.6666666666666665,True
4,102563,Thomas Johansson,27.2142368241,180.0,7.0,R,SWE,0.54,328.0,0.909,328.0,0.9085872576177285,0.30833333333333335,0.4899328859060403,0.5505050505050505,0.36923076923076925,0.6666666666666666,0.6136363636363636,102563,Thomas Johansson,180.0,30,0.5333333333333333,0.4285714285714285,0.375,0.5090130563340277,0.7548882954035471,0.6255707762557078,0.410958904109589,7.666666666666667,3.2333333333333334,True
5,102856,Gustavo Kuerten,24.34770705,190.0,1.0,R,BRA,0.66,278.0,0.903,278.0,0.9025974025974026,0.49523809523809526,0.6196581196581197,0.5853658536585366,0.7297297297297297,0.6363636363636364,0.5769230769230769,102856,Gustavo Kuerten,190.0,30,0.7,0.7037037037037037,0.6923076923076923,0.547696430021484,0.7507254424555382,0.6040609137055838,0.4891774891774891,6.633333333333334,2.1666666666666665,True
6,102610,Albert Costa,27.0746064339,180.0,6.0,R,ESP,0.57,253.0,0.969,253.0,0.9693486590038314,0.5,0.5263157894736842,0.43037974683544306,0.6526946107784432,0.0,0.38461538461538464,102610,Albert Costa,180.0,30,0.6333333333333333,0.6153846153846154,0.6,0.6662969145301485,0.7095624167956871,0.6210526315789474,0.3830645161290322,4.666666666666667,2.2,True
7,102998,Jan Michael Gambill,24.0410677618,190.0,14.0,R,USA,0.49,226.0,0.966,226.0,0.9658119658119658,0.2823529411764706,0.4157303370786517,0.5576923076923077,0.2,0.5625,0.2727272727272727,102998,Jan Michael Gambill,190.0,30,0.5,0.4166666666666667,0.2,0.5638215386468483,0.7600151777239834,0.615,0.3924731182795699,9.9,2.933333333333333,True
8,103151,Mariano Zabaleta,22.1136208077,183.0,21.0,R,ARG,0.49,257.0,0.955,257.0,0.9553903345724907,0.49411764705882355,0.4675925925925926,0.41379310344827586,0.5517241379310345,0.0,0.25,103151,Mariano Zabaleta,183.0,30,0.5666666666666667,0.56,0.4166666666666667,0.5554725539875307,0.6910148697386763,0.5754716981132075,0.4148471615720524,4.2,3.6,True
9,102854,Sjeng Schalken,26.6338124572,193.0,11.0,R,NED,0.56,255.0,0.917,255.0,0.9172661870503597,0.2875,0.5186915887850467,0.5753424657534246,0.47619047619047616,0.65,0.5862068965517241,102854,Sjeng Schalken,193.0,30,0.5,0.625,0.25,0.6327947933301444,0.6963820176458948,0.6021897810218978,0.4586776859504132,3.933333333333333,3.4,True
10,103163,Tommy Haas,24.1095140315,188.0,2.0,R,GER,0.63,577.0,0.923,577.0,0.9232,0.4666666666666667,0.6061776061776062,0.6525198938992043,0.5914634146341463,0.5818181818181818,0.6206896551724138,103163,Tommy Haas,188.0,30,0.7333333333333333,0.65,0.5,0.5654458682072312,0.7720355755936056,0.6714285714285714,0.4008438818565401,8.866666666666667,4.666666666666667,True
11,103084,Guillermo Canas,27.5290896646,185.0,8.0,R,ARG,0.6,305.0,0.971,305.0,0.9713375796178344,0.4606741573033708,0.5387931034482759,0.5701754385964912,0.6242038216560509,0.6071428571428571,0.4666666666666667,103084,Guillermo Canas,185.0,30,0.3333333333333333,0.3333333333333333,0.3,0.5699887167487205,0.6925397368746791,0.5592592592592592,0.4075471698113208,3.7666666666666666,3.8,True
12,103498,Marat Safin,20.8350444901,193.0,1.0,R,RUS,0.64,453.0,0.908,453.0,0.9078156312625251,0.5480225988700564,0.6101694915254238,0.6245059288537549,0.6308724832214765,0.6111111111111112,0.7377049180327869,103498,Marat Safin,193.0,30,0.6,0.64,0.4545454545454545,0.4995516497645476,0.766788943964957,0.5714285714285714,0.3870967741935484,8.366666666666667,2.7666666666666666,True
13,102796,Magnus Norman,24.0739219713,188.0,2.0,R,SWE,0.55,167.0,0.933,167.0,0.9329608938547486,0.3269230769230769,0.5100671140939598,0.6063829787234043,0.4805194805194805,0.6,0.3333333333333333,102796,Magnus Norman,188.0,30,0.5666666666666667,0.5,0.5,0.5743934329747624,0.7166804005588093,0.6374501992031872,0.4249084249084249,4.7,2.7,True
14,102987,Andre Sa,25.3059548255,185.0,55.0,R,BRA,0.35,95.0,0.931,95.0,0.9313725490196079,0.045454545454545456,0.30303030303030304,0.4,0.25806451612903225,0.4,0.36363636363636365,102987,Andre Sa,185.0,30,0.2666666666666666,0.25,0.0,0.5930301905598712,0.6053196792603944,0.5688622754491018,0.4324324324324324,2.466666666666667,3.7,False
15,102548,Juan Antonio Marin,24.5722108145,175.0,56.0,R,CRC,0.4,99.0,0.925,99.0,0.9252336448598131,0.1875,0.3188405797101449,0.3181818181818182,0.43373493975903615,0.0,0.0,102548,Juan Antonio Marin,175.0,30,0.5,0.391304347826087,0.4,0.5641968839167197,0.6396487062140429,0.5719557195571956,0.4186046511627907,2.1,3.533333333333333,False
16,103252,Alberto Martin,23.0581793292,175.0,34.0,R,ESP,0.46,318.0,0.988,318.0,0.9875776397515528,0.28888888888888886,0.4115384615384615,0.38,0.5202020202020202,0.2631578947368421,0.2,103252,Alberto Martin,175.0,30,0.6,0.5454545454545454,0.2857142857142857,0.6729787629426717,0.6693619040334617,0.5977011494252874,0.4489795918367347,1.7333333333333334,2.6333333333333333,False
17,102776,Andrew Ilie,24.1122518823,180.0,38.0,R,AUS,0.42,121.0,0.968,121.0,0.968,0.1891891891891892,0.3516483516483517,0.3898305084745763,0.5098039215686274,0.2727272727272727,0.25,102776,Andrew Ilie,180.0,30,0.5333333333333333,0.5,0.25,0.557589249993571,0.6842834661965338,0.6531986531986532,0.3941908713692946,5.5,3.2666666666666666,False
18,103103,Dominik Hrbaty,26.7871321013,183.0,12.0,R,SVK,0.53,376.0,0.919,376.0,0.9193154034229829,0.36752136752136755,0.4676923076923077,0.5576036866359447,0.4883720930232558,0.3,0.5813953488372093,103103,Dominik Hrbaty,183.0,30,0.6666666666666666,0.6086956521739131,0.5,0.5540871568900688,0.7466002019132835,0.5842696629213483,0.4621212121212121,6.033333333333333,3.733333333333333,True
19,102644,Franco Squillari,25.0759753593,183.0,11.0,L,ARG,0.5,197.0,0.961,197.0,0.9609756097560975,0.33962264150943394,0.4394904458598726,0.3541666666666667,0.5753424657534246,0.0,0.16666666666666666,102644,Franco Squillari,183.0,30,0.5,0.4166666666666667,0.3,0.6145445939079851,0.6593611759247909,0.5681818181818182,0.4285714285714285,3.566666666666667,3.333333333333333,True
20,102950,Fernando Vicente,23.2635181383,180.0,29.0,R,ESP,0.41,222.0,0.987,222.0,0.9866666666666667,0.25,0.32947976878612717,0.3835616438356164,0.45185185185185184,0.2,0.14285714285714285,102950,Fernando Vicente,180.0,30,0.4,0.2727272727272727,0.2,0.6175183179235769,0.6513441109830984,0.5534351145038168,0.4346153846153846,2.066666666666667,3.2333333333333334,True
21,102456,Felix Mantilla,24.6078028747,180.0,15.0,R,ESP,0.54,215.0,0.986,215.0,0.9862385321100917,0.42424242424242425,0.5030674846625767,0.40350877192982454,0.610738255033557,0.3333333333333333,0.0,102456,Felix Mantilla,180.0,30,0.7,0.68,0.7,0.5631923995017085,0.7136257500622968,0.643979057591623,0.4458333333333333,3.8333333333333335,2.4,True
22,102701,Marcelo Rios,23.0444900753,175.0,2.0,L,CHI,0.6,158.0,0.908,158.0,0.9080459770114943,0.5087719298245614,0.5826771653543307,0.6395348837209303,0.6,0.0,0.25,102701,Marcelo Rios,175.0,30,0.7333333333333333,0.6923076923076923,0.6666666666666666,0.5749628910480936,0.6832925240037235,0.6106194690265486,0.4219858156028369,3.2666666666666666,3.333333333333333,True
23,102882,Mark Philippoussis,22.3874058864,196.0,9.0,R,AUS,0.6,203.0,0.919,203.0,0.918552036199095,0.41975308641975306,0.5580110497237569,0.5934959349593496,0.4411764705882353,0.7254901960784313,0.5384615384615384,102882,Mark Philippoussis,196.0,30,0.7,0.6666666666666666,0.6666666666666666,0.5796939584670988,0.8224279127871713,0.6748466257668712,0.3441295546558704,16.133333333333333,5.6,True
25,102839,Nicolas Lapentti,23.6769336071,188.0,6.0,R,ECU,0.54,324.0,0.898,324.0,0.8975069252077562,0.3644859813084112,0.5035460992907801,0.5259259259259259,0.5567567567567567,0.45,0.5238095238095238,102839,Nicolas Lapentti,188.0,30,0.7,0.75,0.6666666666666666,0.6286047438774619,0.7158786230776535,0.6793103448275862,0.3492537313432836,5.7,2.8666666666666667,True
26,102450,Tim Henman,27.8932238193,185.0,4.0,R,GBR,0.64,362.0,0.931,362.0,0.9305912596401028,0.4645669291338583,0.592948717948718,0.6386138613861386,0.5617977528089888,0.7419354838709677,0.6944444444444444,102450,Tim Henman,185.0,30,0.6333333333333333,0.6296296296296297,0.2857142857142857,0.5565638166120989,0.7635095258409108,0.6285714285714286,0.3934426229508196,7.366666666666666,4.5,True
27,102562,Jiri Novak,27.6030116359,190.0,6.0,R,CZE,0.57,310.0,0.939,310.0,0.9393939393939394,0.3300970873786408,0.5407407407407407,0.5986394557823129,0.5769230769230769,0.4782608695652174,0.4666666666666667,102562,Jiri Novak,190.0,30,0.5,0.4230769230769231,0.2222222222222222,0.6209206860009285,0.6767981256726986,0.6209677419354839,0.4435483870967742,4.166666666666667,3.2666666666666666,True
28,103096,Arnaud Clement,23.2908966461,173.0,10.0,R,FRA,0.49,402.0,0.946,402.0,0.9458823529411765,0.4027777777777778,0.45738636363636365,0.5170940170940171,0.43010752688172044,0.5185185185185185,0.4772727272727273,103096,Arnaud Clement,173.0,30,0.5,0.4230769230769231,0.5,0.5596749883505716,0.677238150633894,0.599250936329588,0.3818897637795275,4.766666666666667,3.033333333333333,True
29,102821,Cecil Mamiit,22.9048596851,173.0,76.0,R,PHI,0.38,91.0,0.827,91.0,0.8272727272727273,0.18181818181818182,0.23333333333333334,0.4024390243902439,0.375,0.2222222222222222,0.3333333333333333,102821,Cecil Mamiit,173.0,30,0.3666666666666666,0.2105263157894736,0.2,0.5583270314760156,0.6683178943021957,0.5594405594405595,0.3566176470588235,2.6666666666666665,3.1,False
30,102834,Paul Goldstein,29.8151950719,178.0,58.0,R,USA,0.41,126.0,1.0,126.0,1.0,0.13793103448275862,0.27586206896551724,0.4090909090909091,0.2857142857142857,0.5,0.5,102834,Paul Goldstein,178.0,30,0.4333333333333333,0.391304347826087,0.5,0.6596972399462607,0.6469376973906006,0.5946843853820598,0.4212328767123288,3.1333333333333333,2.833333333333333,False
31,102887,Ramon Delgado,22.4449007529,185.0,52.0,R,PAR,0.47,88.0,0.765,88.0,0.7652173913043478,0.05555555555555555,0.3064516129032258,0.4520547945205479,0.5714285714285714,0.16666666666666666,0.0,102887,Ramon Delgado,185.0,30,0.3666666666666666,0.3809523809523809,0.0,0.595539859607999,0.6890654746103555,0.5478260869565217,0.4124293785310734,6.8,2.2666666666666666,False
32,103166,Vladimir Voltchkov,23.0444900753,180.0,26.0,R,BLR,0.39,74.0,0.712,74.0,0.7115384615384616,0.2727272727272727,0.3625,0.43859649122807015,0.07142857142857142,0.42857142857142855,0.47368421052631576,103166,Vladimir Voltchkov,180.0,30,0.5333333333333333,0.5925925925925926,0.4444444444444444,0.5911919466649542,0.727036494591704,0.5853658536585366,0.3623188405797101,7.033333333333333,4.366666666666666,True
33,102905,Stefan Koubek,23.1923340178,175.0,20.0,L,AUT,0.48,307.0,0.898,307.0,0.8976608187134503,0.26732673267326734,0.4153846153846154,0.5031446540880503,0.4965034965034965,0.3125,0.375,102905,Stefan Koubek,175.0,30,0.5666666666666667,0.45,0.0,0.5916569310070747,0.6656634460134288,0.5909090909090909,0.4149377593360996,2.7666666666666666,2.333333333333333,True
34,103324,Arnaud Di Pasquale,21.1800136893,185.0,39.0,R,FRA,0.41,105.0,0.946,105.0,0.9459459459459459,0.29411764705882354,0.37777777777777777,0.37142857142857144,0.45714285714285713,0.3333333333333333,0.0,103324,Arnaud Di Pasquale,185.0,30,0.5,0.4583333333333333,0.4285714285714285,0.61327711724677,0.671655687588608,0.5827067669172933,0.4375,2.2666666666666666,4.0,False
35,103193,Peter Wessels,26.9678302533,196.0,77.0,R,NED,0.46,66.0,0.93,66.0,0.9295774647887324,0.2222222222222222,0.35714285714285715,0.4166666666666667,0.16666666666666666,0.6296296296296297,0.0,103193,Peter Wessels,196.0,30,0.4666666666666667,0.3125,0.2,0.6245299668995552,0.7517825652453947,0.5955056179775281,0.3723404255319149,10.066666666666666,4.0,False
36,102869,Galo Blanco,24.8843258042,173.0,45.0,R,ESP,0.42,151.0,1.0,151.0,1.0,0.28125,0.3644067796610169,0.2,0.48717948717948717,0.16666666666666666,0.0,102869,Galo Blanco,173.0,30,0.4,0.391304347826087,0.0,0.5287618600970032,0.7009503490365341,0.603448275862069,0.4207650273224044,5.433333333333334,3.966666666666667,False
37,102783,Rainer Schuettler,28.0027378508,180.0,5.0,R,GER,0.47,433.0,0.947,433.0,0.9474835886214442,0.3277310924369748,0.4069767441860465,0.5139442231075697,0.37398373983739835,0.5689655172413793,0.36,102783,Rainer Schuettler,180.0,30,0.4,0.3181818181818182,0.3333333333333333,0.5889030696861859,0.6355919850485857,0.576271186440678,0.4102564102564102,2.066666666666667,3.1,True
38,102770,John Van Lottum,23.0417522245,185.0,62.0,R,NED,0.35,79.0,0.963,79.0,0.9634146341463414,0.05263157894736842,0.2833333333333333,0.40425531914893614,0.3333333333333333,0.2222222222222222,0.0,102770,John Van Lottum,185.0,30,0.4666666666666667,0.3157894736842105,0.0,0.5188627622869063,0.6899717180925459,0.6016949152542372,0.4059405940594059,2.6,3.066666666666667,False
39,103182,Markus Hipfl,23.7782340862,178.0,68.0,R,AUT,0.49,101.0,0.91,101.0,0.9099099099099099,0.35,0.4342105263157895,0.36363636363636365,0.5421686746987951,0.16666666666666666,0.0,103182,Markus Hipfl,178.0,30,0.5,0.391304347826087,0.2,0.6521957417701194,0.6540658322088487,0.5141509433962265,0.4344262295081967,2.1,2.2333333333333334,False
40,103206,Sebastien Grosjean,24.4161533196,175.0,4.0,R,FRA,0.6,378.0,0.931,378.0,0.9310344827586207,0.3409090909090909,0.5585585585585585,0.5555555555555556,0.6052631578947368,0.6792452830188679,0.6585365853658537,103206,Sebastien Grosjean,175.0,30,0.6666666666666666,0.5833333333333334,0.6,0.596798605356398,0.7144497788862185,0.6129032258064516,0.3795379537953795,3.8333333333333335,1.5,True
41,102765,Nicolas Escude,24.2299794661,185.0,17.0,R,FRA,0.6,178.0,0.932,178.0,0.9319371727748691,0.5128205128205128,0.554140127388535,0.6304347826086957,0.4117647058823529,0.7037037037037037,0.6052631578947368,102765,Nicolas Escude,185.0,30,0.6,0.56,0.4615384615384615,0.5757790687516265,0.7037905144078688,0.6027397260273972,0.4420600858369098,6.1,2.5,True
42,103819,Roger Federer,22.4859685147,185.0,1.0,R,SUI,0.81,1068.0,0.954,1068.0,0.9544235924932976,0.7359855334538878,0.7971602434077079,0.8214285714285714,0.7682926829268293,0.8741721854304636,0.68,103819,Roger Federer,185.0,30,0.5333333333333333,0.5384615384615384,0.375,0.585765664067797,0.7208010990817867,0.6534653465346535,0.4143646408839779,6.233333333333333,3.533333333333333,True
44,103387,Paradorn Srichaphan,23.909650924,185.0,9.0,R,THA,0.54,274.0,0.893,274.0,0.8925081433224755,0.2976190476190476,0.4411764705882353,0.5781990521327014,0.25,0.55,0.6875,103387,Paradorn Srichaphan,185.0,30,0.3333333333333333,0.2608695652173913,0.1818181818181818,0.5571656120665839,0.6968780871292467,0.5643153526970954,0.3686868686868687,5.8,4.166666666666667,True
45,103602,Fernando Gonzalez,26.5215605749,183.0,5.0,R,CHI,0.66,411.0,0.936,411.0,0.9362186788154897,0.4657534246575342,0.60932944606414,0.625615763546798,0.7091836734693877,0.6,0.5333333333333333,103602,Fernando Gonzalez,183.0,30,0.5333333333333333,0.25,0.3333333333333333,0.5894023035435988,0.6881570074888645,0.6096491228070176,0.4072398190045249,5.7,7.066666666666666,True
46,103454,Nicolas Massu,24.9472963723,183.0,10.0,R,CHI,0.5,310.0,0.866,310.0,0.8659217877094972,0.2441860465116279,0.4150197628458498,0.38461538461538464,0.5767441860465117,0.35714285714285715,0.4166666666666667,103454,Nicolas Massu,183.0,30,0.5,0.3888888888888889,0.1666666666666666,0.5556326064802015,0.7186600149231498,0.5714285714285714,0.4576271186440678,4.633333333333334,2.6666666666666665,True
47,103714,Andreas Vinciguerra,20.2299794661,180.0,34.0,L,SWE,0.48,143.0,0.911,143.0,0.910828025477707,0.3409090909090909,0.4224137931034483,0.5066666666666667,0.4838709677419355,0.2857142857142857,0.46153846153846156,103714,Andreas Vinciguerra,180.0,30,0.6666666666666666,0.6666666666666666,0.6,0.5905529793973184,0.7193080370767738,0.6288659793814433,0.4525862068965517,3.333333333333333,2.533333333333333,False
48,103709,Kristian Pless,20.9664613279,188.0,65.0,R,DEN,0.41,99.0,0.884,99.0,0.8839285714285714,0.14814814814814814,0.28378378378378377,0.4307692307692308,0.375,0.2727272727272727,0.5,103709,Kristian Pless,188.0,30,0.4333333333333333,0.3636363636363636,0.2857142857142857,0.5995765244141675,0.7023757409859066,0.6275510204081632,0.3862433862433862,4.8,3.433333333333333,False
49,103598,Xavier Malisse,22.1026694045,185.0,19.0,R,BEL,0.52,399.0,0.961,399.0,0.9614457831325302,0.3923076923076923,0.49056603773584906,0.5146443514644351,0.45454545454545453,0.6290322580645161,0.5769230769230769,103598,Xavier Malisse,185.0,30,0.5,0.4583333333333333,0.1428571428571428,0.5599407843128599,0.6834295605600061,0.5550847457627118,0.4318181818181818,5.533333333333333,2.7,True
50,103292,Gaston Gaudio,26.3764544832,175.0,5.0,R,ARG,0.6,342.0,0.947,342.0,0.9473684210526315,0.42857142857142855,0.5614617940199336,0.42857142857142855,0.6796875,0.25,0.4,103292,Gaston Gaudio,175.0,30,0.5,0.391304347826087,0.25,0.6103461097758189,0.648561990753023,0.5871212121212122,0.4444444444444444,2.433333333333333,3.6,True
51,103507,Juan Carlos Ferrero,23.5893223819,183.0,1.0,R,ESP,0.65,515.0,0.948,515.0,0.9484346224677717,0.5051546391752577,0.6133909287257019,0.5859030837004405,0.7272727272727273,0.5625,0.5,103507,Juan Carlos Ferrero,183.0,30,0.6,0.5416666666666666,0.375,0.6189968277496761,0.6672606546960118,0.6050420168067226,0.4087301587301587,2.1666666666666665,3.633333333333333,True
52,103632,Luis Horna,24.0164271047,180.0,35.0,R,PER,0.5,182.0,0.839,182.0,0.8387096774193549,0.3617021276595745,0.40764331210191085,0.47058823529411764,0.5428571428571428,0.0,0.25,103632,Luis Horna,180.0,30,0.3666666666666666,0.4090909090909091,0.3333333333333333,0.6909438010974248,0.6690729296392206,0.5613207547169812,0.4019138755980861,2.966666666666667,2.9,False
53,103344,Ivan Ljubicic,27.4058863792,193.0,3.0,R,CRO,0.6,484.0,0.931,484.0,0.9307692307692308,0.46842105263157896,0.5731414868105515,0.6170212765957447,0.5522388059701493,0.4864864864864865,0.7014925373134329,103344,Ivan Ljubicic,193.0,30,0.4333333333333333,0.391304347826087,0.4545454545454545,0.5510856013525706,0.7561682730881821,0.6590909090909091,0.3222748815165877,10.533333333333331,3.3666666666666667,True
54,103285,Radek Stepanek,27.5017111567,185.0,11.0,R,CZE,0.57,519.0,0.956,519.0,0.9558011049723757,0.38974358974358975,0.5125858123569794,0.5704697986577181,0.5576923076923077,0.6181818181818182,0.6176470588235294,103285,Radek Stepanek,185.0,30,0.5666666666666667,0.4545454545454545,0.375,0.5996937922185597,0.7258122846028299,0.5978835978835979,0.4097560975609756,6.666666666666667,2.3666666666666667,True
55,103990,Tommy Robredo,24.3258042437,180.0,5.0,R,ESP,0.6,689.0,0.981,689.0,0.9814814814814815,0.357487922705314,0.553763440860215,0.5576923076923077,0.6707317073170732,0.5476190476190477,0.35,103990,Tommy Robredo,180.0,30,0.6333333333333333,0.6,0.375,0.6588513987451027,0.6839553390062793,0.6146788990825688,0.4545454545454545,2.2666666666666666,2.533333333333333,True
56,103082,Markus Hantschk,22.9650924025,188.0,72.0,R,GER,0.4,57.0,1.0,57.0,1.0,0.25,0.34375,0.38095238095238093,0.4375,0.25,0.0,103082,Markus Hantschk,188.0,30,0.4666666666666667,0.4375,0.4,0.5667120884107048,0.6702308323876486,0.6022304832713755,0.4008810572687225,4.533333333333333,2.466666666666667,False
57,103420,Michal Tabara,21.9301848049,175.0,48.0,R,CZE,0.44,66.0,0.971,66.0,0.9705882352941176,0.2857142857142857,0.38095238095238093,0.44,0.4857142857142857,0.0,0.3333333333333333,103420,Michal Tabara,175.0,30,0.6,0.4375,0.6666666666666666,0.5897634386324896,0.6697609700561844,0.593607305936073,0.4572649572649572,2.333333333333333,2.8666666666666667,False
58,103789,Irakli Labadze,23.0718685832,188.0,42.0,L,GEO,0.39,90.0,0.918,90.0,0.9183673469387755,0.34782608695652173,0.30434782608695654,0.34285714285714286,0.4,0.4166666666666667,0.5,103789,Irakli Labadze,188.0,30,0.4,0.3684210526315789,0.5,0.5969954322163246,0.6812807517317875,0.6058394160583942,0.4593301435406698,5.633333333333334,5.6,False
59,103294,Christophe Rochus,27.3757700205,170.0,38.0,R,BEL,0.35,243.0,0.935,243.0,0.9346153846153846,0.15625,0.30687830687830686,0.34065934065934067,0.40441176470588236,0.05263157894736842,0.21428571428571427,103294,Christophe Rochus,170.0,30,0.3666666666666666,0.3333333333333333,0.1428571428571428,0.5906118281866516,0.6179346899591383,0.5563380281690141,0.3522727272727273,2.2333333333333334,4.5,False
60,102860,Agustin Calleri,27.0006844627,183.0,16.0,R,ARG,0.52,272.0,0.958,272.0,0.9577464788732394,0.36,0.4727272727272727,0.46078431372549017,0.573170731707317,0.3,0.5,102860,Agustin Calleri,183.0,30,0.5,0.4166666666666667,0.2222222222222222,0.5575258474744693,0.7662064594553619,0.5978835978835979,0.3650190114068441,7.833333333333333,3.4,True
61,103444,Jean Rene Lisnard,23.5318275154,173.0,85.0,R,MON,0.41,95.0,0.88,95.0,0.8796296296296297,0.1875,0.2602739726027397,0.40476190476190477,0.43103448275862066,0.2,0.3333333333333333,103444,Jean Rene Lisnard,173.0,30,0.4333333333333333,0.2727272727272727,0.3,0.6036759797104048,0.6346562480278328,0.5836177474402731,0.3846153846153846,2.033333333333333,3.466666666666667,False
63,103484,James Blake,26.5900068446,185.0,5.0,R,USA,0.58,423.0,0.94,423.0,0.94,0.3959731543624161,0.5361111111111111,0.6276923076923077,0.4383561643835616,0.4883720930232558,0.4444444444444444,103484,James Blake,185.0,30,0.5,0.4583333333333333,0.3,0.595303383849787,0.6943892461536572,0.6160714285714286,0.4271844660194174,5.366666666666666,3.3666666666666667,True
64,103171,Raemon Sluiter,24.8678986995,185.0,46.0,R,NED,0.42,136.0,0.913,136.0,0.912751677852349,0.3181818181818182,0.3486238532110092,0.3125,0.42,0.5277777777777778,0.4666666666666667,103171,Raemon Sluiter,185.0,30,0.4666666666666667,0.36,0.2727272727272727,0.5615804475292738,0.7472316516293243,0.6470588235294118,0.4074074074074074,6.166666666666667,4.333333333333333,False
65,103428,Juan Ignacio Chela,24.848733744,190.0,16.0,R,ARG,0.54,411.0,0.947,411.0,0.9470046082949308,0.33088235294117646,0.47262247838616717,0.5085714285714286,0.5815899581589958,0.25,0.25,103428,Juan Ignacio Chela,190.0,30,0.5,0.4090909090909091,0.5,0.5450627701203691,0.723152816159612,0.6653543307086615,0.4154589371980676,6.4,3.5,True
66,103758,Taylor Dent,24.2902121834,188.0,21.0,R,USA,0.52,196.0,0.995,196.0,0.9949238578680203,0.33962264150943394,0.4782608695652174,0.5147058823529411,0.25,0.5897435897435898,0.6,103758,Taylor Dent,188.0,30,0.3666666666666666,0.45,0.3333333333333333,0.5486339629771206,0.7648298045093849,0.6019900497512438,0.3623188405797101,8.666666666666666,5.2,True
67,103248,Harel Levy,22.8884325804,185.0,30.0,R,ISR,0.41,92.0,0.76,92.0,0.7603305785123967,0.14814814814814814,0.3333333333333333,0.3870967741935484,0.4473684210526316,0.42857142857142855,0.42857142857142855,103248,Harel Levy,185.0,30,0.4333333333333333,0.375,0.1428571428571428,0.5874265487359165,0.709050424646453,0.5851528384279476,0.429951690821256,3.8,2.066666666666667,True
68,104339,Mario Ancic,22.8528405202,196.0,9.0,R,CRO,0.61,227.0,0.915,227.0,0.9153225806451613,0.39759036144578314,0.5595854922279793,0.5826771653543307,0.5869565217391305,0.7608695652173914,0.5517241379310345,104339,Mario Ancic,196.0,30,0.4,0.3333333333333333,0.25,0.5835238230773735,0.7298719852512163,0.5454545454545454,0.3503649635036496,8.8,3.8666666666666663,True
69,103813,Jarkko Nieminen,24.9637234771,185.0,13.0,L,FIN,0.53,530.0,0.928,530.0,0.9281961471103327,0.29878048780487804,0.4511627906976744,0.5182926829268293,0.5561797752808989,0.4358974358974359,0.5769230769230769,103813,Jarkko Nieminen,185.0,30,0.5666666666666667,0.5384615384615384,0.5,0.670229298758253,0.6657458747829107,0.6307053941908713,0.4661016949152542,3.1333333333333333,2.533333333333333,True
70,103176,David Sanchez,24.848733744,183.0,41.0,R,ESP,0.43,158.0,0.994,158.0,0.9937106918238994,0.15,0.36363636363636365,0.1935483870967742,0.5081967213114754,0.0,0.0,103176,David Sanchez,183.0,30,0.4,0.3636363636363636,0.4444444444444444,0.6322393615062194,0.6397701644013059,0.5882352941176471,0.4107883817427386,2.066666666666667,2.933333333333333,False
71,104022,Mikhail Youzhny,25.6125941136,183.0,8.0,R,RUS,0.54,680.0,0.963,680.0,0.9631728045325779,0.4148471615720524,0.5104166666666666,0.5376044568245125,0.5136363636363637,0.575,0.574468085106383,104022,Mikhail Youzhny,183.0,30,0.4333333333333333,0.3636363636363636,0.25,0.6060321599153934,0.6643695465550122,0.5601659751037344,0.3930131004366812,3.0,2.6333333333333333,True
72,102911,Andrei Stoliarov,24.6680355921,178.0,71.0,R,RUS,0.38,71.0,0.973,71.0,0.9726027397260274,0.16666666666666666,0.2962962962962963,0.45454545454545453,0.36363636363636365,0.2727272727272727,0.2857142857142857,102911,Andrei Stoliarov,178.0,30,0.4,0.238095238095238,0.3333333333333333,0.4606278102942403,0.6750315560961646,0.565068493150685,0.3604651162790697,4.666666666666667,4.733333333333333,False
73,103181,Jiri Vanek,22.6913073238,185.0,77.0,R,CZE,0.36,136.0,0.986,136.0,0.9855072463768116,0.125,0.29,0.30952380952380953,0.4117647058823529,0.125,0.0,103181,Jiri Vanek,185.0,30,0.4333333333333333,0.4,0.1666666666666666,0.5570593560449736,0.6951343025800735,0.5884615384615385,0.4096916299559471,6.033333333333333,2.7666666666666666,False
74,103566,Michael Llodra,30.9733059548,190.0,21.0,L,FRA,0.44,296.0,0.964,296.0,0.9641693811074918,0.30434782608695654,0.41106719367588934,0.4497354497354497,0.32,0.5961538461538461,0.25,103566,Michael Llodra,190.0,30,0.3666666666666666,0.36,0.2857142857142857,0.5681304221380138,0.7196652246400731,0.5619469026548672,0.3932038834951456,7.4,6.2,True
75,103694,Olivier Rochus,24.7446954141,168.0,24.0,R,BEL,0.47,371.0,0.932,371.0,0.9321608040201005,0.2222222222222222,0.38461538461538464,0.4742857142857143,0.40298507462686567,0.5652173913043478,0.5,103694,Olivier Rochus,168.0,30,0.5,0.44,0.25,0.5975199134989685,0.6578889604957598,0.5282258064516129,0.407942238267148,2.433333333333333,2.8,True
77,103356,Michel Kratochvil,23.2525667351,185.0,35.0,R,SUI,0.42,117.0,0.914,117.0,0.9140625,0.225,0.36363636363636365,0.45161290322580644,0.36585365853658536,0.46153846153846156,0.4166666666666667,103356,Michel Kratochvil,185.0,30,0.4666666666666667,0.4230769230769231,0.25,0.5395232711883147,0.7183903212279135,0.5733333333333334,0.4297520661157025,3.733333333333333,5.833333333333333,False
78,103852,Feliciano Lopez,33.4647501711,188.0,12.0,L,ESP,0.53,653.0,0.978,653.0,0.9775449101796407,0.37554585152838427,0.4721189591078067,0.5171503957783641,0.46994535519125685,0.6888888888888889,0.4375,103852,Feliciano Lopez,188.0,30,0.4666666666666667,0.4,0.375,0.5966941516278292,0.7175946134631698,0.5965665236051502,0.3850267379679144,9.033333333333331,4.233333333333333,True
79,103900,David Nalbandian,24.2135523614,180.0,3.0,R,ARG,0.66,402.0,0.941,402.0,0.9414519906323185,0.48717948717948717,0.6147308781869688,0.6534653465346535,0.6705882352941176,0.7058823529411765,0.5714285714285714,103900,David Nalbandian,180.0,30,0.6,0.5,0.25,0.6077671240331218,0.672597598993422,0.6074766355140186,0.4352941176470588,2.966666666666667,3.7666666666666666,True
80,103188,Michael Russell,29.3223819302,173.0,65.0,R,USA,0.32,177.0,1.0,177.0,1.0,0.07317073170731707,0.25,0.35714285714285715,0.24390243902439024,0.2916666666666667,0.0,103188,Michael Russell,173.0,30,0.2666666666666666,0.1304347826086956,0.0,0.6766505878952102,0.6340559153462313,0.5477941176470589,0.3946188340807174,2.6,3.5,False
82,103909,Guillermo Coria,22.3216974675,175.0,3.0,R,ARG,0.65,238.0,0.956,238.0,0.9558232931726908,0.4666666666666667,0.615,0.5714285714285714,0.7278911564625851,0.5555555555555556,0.14285714285714285,103909,Guillermo Coria,175.0,30,0.6333333333333333,0.5238095238095238,0.25,0.5191877227254938,0.699627811858184,0.5983606557377049,0.4490566037735849,4.166666666666667,2.833333333333333,True
83,103781,Jurgen Melzer,29.9055441478,183.0,8.0,L,AUT,0.5,491.0,0.928,491.0,0.9281663516068053,0.3048780487804878,0.4650602409638554,0.5070921985815603,0.4943820224719101,0.5,0.4117647058823529,103781,Jurgen Melzer,183.0,30,0.3666666666666666,0.375,0.3333333333333333,0.5872009363718339,0.7114112268865678,0.5727699530516432,0.3627450980392157,4.866666666666666,2.933333333333333,True
84,103917,Nicolas Mahut,32.2847364819,190.0,37.0,R,FRA,0.45,291.0,0.997,291.0,0.9965753424657534,0.27586206896551724,0.391705069124424,0.4166666666666667,0.2619047619047619,0.6533333333333333,0.14285714285714285,103917,Nicolas Mahut,190.0,30,0.2333333333333333,0.2222222222222222,0.5,0.5972317168977314,0.7050290707336234,0.5625,0.3315217391304347,8.066666666666666,4.533333333333333,False
85,103888,Mardy Fish,29.6810403833,188.0,7.0,R,USA,0.57,345.0,0.953,345.0,0.9530386740331491,0.3949579831932773,0.5263157894736842,0.5851851851851851,0.40476190476190477,0.6666666666666666,0.4,103888,Mardy Fish,188.0,30,0.4,0.3636363636363636,0.2857142857142857,0.5489953336995477,0.7135977655360627,0.6033755274261603,0.391304347826087,9.066666666666666,3.633333333333333,True
87,103786,Nikolay Davydenko,25.4483230664,178.0,3.0,R,RUS,0.59,604.0,0.962,604.0,0.9617834394904459,0.410958904109589,0.5675146771037182,0.5988023952095808,0.5864978902953587,0.125,0.6585365853658537,103786,Nikolay Davydenko,178.0,30,0.3333333333333333,0.3,0.0,0.6390029530338307,0.6612007296742403,0.5810276679841897,0.4341463414634146,3.6666666666666665,2.2,True
88,103280,Martin Verkerk,24.8733744011,196.0,14.0,R,NED,0.51,89.0,0.937,89.0,0.9368421052631579,0.47368421052631576,0.4626865671641791,0.3333333333333333,0.58,0.375,0.7,103280,Martin Verkerk,196.0,30,0.4666666666666667,0.4545454545454545,0.4,0.5961043819451102,0.7569753463395601,0.6277777777777778,0.3733333333333333,11.1,4.266666666666667,True
90,104499,Jimmy Wang,20.9746748802,178.0,87.0,R,TPE,0.47,54.0,0.701,54.0,0.7012987012987013,0.15,0.2972972972972973,0.4666666666666667,0.3333333333333333,0.38095238095238093,1.0,104499,Jimmy Wang,178.0,30,0.3,0.3043478260869565,0.1818181818181818,0.5987856333897934,0.632809298175464,0.6196721311475409,0.3571428571428571,3.333333333333333,2.533333333333333,False
91,104098,Dmitry Tursunov,23.8056125941,185.0,20.0,R,RUS,0.53,343.0,0.969,343.0,0.9689265536723164,0.28846153846153844,0.4835164835164835,0.5398230088495575,0.4,0.6,0.6666666666666666,104098,Dmitry Tursunov,185.0,30,0.4333333333333333,0.4347826086956521,0.3,0.5330444590821303,0.710465700797269,0.6097560975609756,0.3645320197044335,7.266666666666667,4.466666666666667,True
92,104076,Jose Acasuso,23.8165639973,190.0,20.0,R,ARG,0.52,278.0,0.955,278.0,0.9553264604810997,0.30337078651685395,0.48444444444444446,0.4117647058823529,0.5876288659793815,0.0,0.5,104076,Jose Acasuso,190.0,30,0.4,0.375,0.25,0.5041542662325964,0.7108579977429,0.6172839506172839,0.3990147783251231,4.766666666666667,2.566666666666667,True
93,104268,Alejandro Falla,28.5174537988,185.0,51.0,L,COL,0.41,201.0,0.91,201.0,0.9095022624434389,0.25,0.3393939393939394,0.3816793893129771,0.43636363636363634,0.43333333333333335,0.6,104268,Alejandro Falla,185.0,30,0.3666666666666666,0.217391304347826,0.1111111111111111,0.6140317587123884,0.653158315835692,0.5878136200716846,0.4258373205741627,3.4,1.7,False
94,103835,Filippo Volandri,25.87816564,183.0,25.0,R,ITA,0.43,276.0,0.955,276.0,0.9550173010380623,0.2112676056338028,0.37799043062200954,0.1276595744680851,0.5227272727272727,0.16666666666666666,0.2,103835,Filippo Volandri,183.0,30,0.4,0.4,0.1818181818181818,0.6730184958575823,0.6421164911336498,0.5541666666666667,0.4974874371859296,0.8666666666666667,3.533333333333333,True
95,103656,Albert Montanes,30.3134839151,175.0,22.0,R,ESP,0.47,397.0,0.99,397.0,0.9900249376558603,0.23711340206185566,0.3883495145631068,0.2625,0.532258064516129,0.18181818181818182,0.0,103656,Albert Montanes,175.0,30,0.6,0.6,0.3333333333333333,0.6070289364874465,0.7151293933702305,0.6464646464646465,0.4085106382978723,4.5,2.966666666666667,True
96,104386,Janko Tipsarevic,27.7782340862,180.0,8.0,R,SRB,0.54,381.0,0.92,381.0,0.9202898550724637,0.3464566929133858,0.46984126984126984,0.5537190082644629,0.5304347826086957,0.5490196078431373,0.3333333333333333,104386,Janko Tipsarevic,180.0,30,0.2666666666666666,0.1052631578947368,0.0833333333333333,0.525438018170632,0.699959722959043,0.5465587044534413,0.3692307692307692,5.5,2.966666666666667,True
97,103581,Flavio Saretta,23.2142368241,183.0,44.0,R,BRA,0.52,113.0,0.904,113.0,0.904,0.3076923076923077,0.45454545454545453,0.42857142857142855,0.5487804878048781,0.5454545454545454,0.5,103581,Flavio Saretta,183.0,30,0.4666666666666667,0.45,0.375,0.5964042337189005,0.6528886051424326,0.6115384615384616,0.4007936507936508,4.5,2.9,False
98,104068,Robby Ginepri,23.6030116359,183.0,15.0,R,USA,0.47,250.0,0.98,250.0,0.9803921568627451,0.275,0.41237113402061853,0.5191256830601093,0.2777777777777778,0.46875,0.25,104068,Robby Ginepri,183.0,30,0.4,0.1904761904761904,0.0909090909090909,0.5794461468594059,0.6886729053118832,0.5308056872037915,0.4157303370786517,5.933333333333334,4.2,True
99,103908,Paul Henri Mathieu,26.2340862423,185.0,12.0,R,FRA,0.46,422.0,0.963,422.0,0.9634703196347032,0.2932330827067669,0.40934065934065933,0.445,0.47282608695652173,0.3225806451612903,0.6956521739130435,103908,Paul Henri Mathieu,185.0,30,0.5333333333333333,0.5357142857142857,0.5384615384615384,0.5167635543403833,0.7284001406204604,0.586046511627907,0.3919413919413919,5.133333333333334,3.1,True
100,104043,Marc Lopez,21.7385352498,175.0,111.0,R,ESP,0.42,40.0,1.0,40.0,1.0,0.125,0.39285714285714285,0.5,0.42857142857142855,0.3333333333333333,0.0,104043,Marc Lopez,175.0,30,0.4666666666666667,0.45,0.1428571428571428,0.6657707920062172,0.6228816726578631,0.5381526104417671,0.5303867403314917,0.5333333333333333,1.4,False
101,104166,Alex Bogomolov Jr,28.8295687885,178.0,33.0,R,RUS,0.39,136.0,0.993,136.0,0.9927007299270073,0.225,0.31683168316831684,0.39805825242718446,0.1,0.4583333333333333,0.0,104166,Alex Bogomolov Jr,178.0,30,0.3333333333333333,0.2272727272727272,0.0909090909090909,0.6901737527743225,0.6651588444609644,0.5601851851851852,0.4239130434782608,2.1666666666666665,2.7333333333333334,False
102,103672,Ricardo Mello,24.59137577,175.0,50.0,L,BRA,0.34,85.0,0.842,85.0,0.8415841584158416,0.125,0.2413793103448276,0.3559322033898305,0.375,0.14285714285714285,0.0,103672,Ricardo Mello,175.0,30,0.5,0.4210526315789473,0.3,0.6213108926869829,0.6561673993951503,0.5829787234042553,0.425531914893617,3.533333333333333,2.8666666666666667,False
103,103898,Julien Benneteau,33.0431211499,185.0,25.0,R,FRA,0.48,426.0,0.988,426.0,0.988399071925754,0.3424657534246575,0.43869209809264303,0.5142857142857142,0.39759036144578314,0.4727272727272727,0.38461538461538464,103898,Julien Benneteau,185.0,30,0.4,0.3461538461538461,0.125,0.6140553090777471,0.6851671283712416,0.5676855895196506,0.3835616438356164,3.733333333333333,3.1666666666666665,True
104,104417,Robin Soderling,26.2724161533,193.0,4.0,R,SWE,0.63,325.0,0.948,325.0,0.9475218658892128,0.5586206896551724,0.6085526315789473,0.6414141414141414,0.61,0.5384615384615384,0.7894736842105263,104417,Robin Soderling,193.0,30,0.4333333333333333,0.4285714285714285,0.3333333333333333,0.5978947408405337,0.7335346334072006,0.5520833333333334,0.3956043956043956,7.9,3.633333333333333,True
105,104433,Frank Dancevic,22.9924709103,185.0,67.0,R,CAN,0.37,111.0,0.828,111.0,0.8283582089552238,0.1282051282051282,0.24210526315789474,0.3375,0.07142857142857142,0.48484848484848486,0.7142857142857143,104433,Frank Dancevic,185.0,30,0.3333333333333333,0.1,0.0,0.6082060239987267,0.7261940347735258,0.5869565217391305,0.3352601156069364,7.233333333333333,1.9333333333333331,False
106,103971,Karol Beck,23.3675564682,180.0,39.0,R,SVK,0.35,118.0,0.937,118.0,0.9365079365079365,0.23684210526315788,0.30612244897959184,0.36,0.1111111111111111,0.4583333333333333,0.4444444444444444,103971,Karol Beck,180.0,30,0.3666666666666666,0.3333333333333333,0.0,0.5408095250204038,0.742664333967266,0.5672268907563025,0.4126213592233009,9.166666666666666,5.0,False
107,103693,Thierry Ascione,23.0417522245,188.0,82.0,R,FRA,0.28,52.0,0.981,52.0,0.9811320754716981,0.14285714285714285,0.23684210526315788,0.3448275862068966,0.23529411764705882,0.0,0.3333333333333333,103693,Thierry Ascione,188.0,30,0.3,0.2857142857142857,0.1818181818181818,0.6351032537936981,0.6602006212030248,0.5550660792951542,0.4429530201342282,3.733333333333333,2.933333333333333,False
108,103812,Victor Hanescu,28.2080766598,198.0,27.0,R,ROU,0.45,312.0,0.934,312.0,0.9341317365269461,0.1744186046511628,0.37254901960784315,0.33620689655172414,0.5388888888888889,0.36,0.3076923076923077,103812,Victor Hanescu,198.0,30,0.5333333333333333,0.4545454545454545,0.2857142857142857,0.6480987554071019,0.6898824409172037,0.6359447004608295,0.4717948717948718,4.866666666666666,2.433333333333333,True
109,104269,Fernando Verdasco,26.9623545517,188.0,7.0,L,ESP,0.56,689.0,0.984,689.0,0.9842857142857143,0.3346613545816733,0.5155172413793103,0.5219941348973607,0.6129032258064516,0.5625,0.5625,104269,Fernando Verdasco,188.0,30,0.4,0.2631578947368421,0.2,0.6702914594903834,0.674257583080316,0.6,0.3578431372549019,4.4,4.033333333333333,True
110,103970,David Ferrer,31.3429158111,175.0,3.0,R,ESP,0.67,851.0,0.964,851.0,0.9637599093997735,0.5201238390092879,0.6317934782608695,0.6462585034013606,0.7162162162162162,0.6379310344827587,0.5,103970,David Ferrer,175.0,30,0.5,0.4090909090909091,0.1818181818181818,0.591481108781717,0.6489279019889677,0.5248868778280543,0.4615384615384615,1.9333333333333331,3.7,True
111,104755,Richard Gasquet,21.0568104038,185.0,7.0,R,FRA,0.63,646.0,0.971,646.0,0.9714285714285714,0.3562231759656652,0.5719489981785064,0.625,0.6358695652173914,0.6621621621621622,0.2857142857142857,104755,Richard Gasquet,185.0,30,0.3333333333333333,0.2608695652173913,0.2727272727272727,0.5549413001212485,0.6997293038557106,0.5495495495495496,0.4157303370786517,3.7,3.966666666666667,True
112,104259,Philipp Kohlschreiber,28.8268309377,178.0,17.0,R,GER,0.56,613.0,0.967,613.0,0.9668769716088328,0.323943661971831,0.5213178294573644,0.5348837209302325,0.5886792452830188,0.5666666666666667,0.5,104259,Philipp Kohlschreiber,178.0,30,0.4,0.3043478260869565,0.25,0.5465255760974365,0.69277033677665,0.5948717948717949,0.3942857142857143,4.4,2.933333333333333,True
113,104745,Rafael Nadal,22.2286105407,185.0,1.0,L,ESP,0.84,866.0,0.976,866.0,0.9763246899661782,0.7566964285714286,0.8254172015404364,0.778021978021978,0.9262295081967213,0.7540983606557377,0.4,104745,Rafael Nadal,185.0,30,0.6,0.5833333333333334,0.3846153846153846,0.7150497556024941,0.6795268175003609,0.6570048309178744,0.411504424778761,1.4,1.8,True
115,103722,Florent Serra,25.3223819302,180.0,36.0,R,FRA,0.44,219.0,0.995,219.0,0.9954545454545455,0.23076923076923078,0.4098360655737705,0.42105263157894735,0.4883720930232558,0.3333333333333333,0.2,103722,Florent Serra,180.0,30,0.5333333333333333,0.5416666666666666,0.5,0.6277387427165829,0.6539868068122884,0.5916666666666667,0.4274193548387097,2.7333333333333334,2.333333333333333,False
116,104019,Kristof Vliegen,24.5284052019,193.0,31.0,R,BEL,0.43,149.0,0.925,149.0,0.9254658385093167,0.23404255319148937,0.4098360655737705,0.4307692307692308,0.4492753623188406,0.3888888888888889,0.4444444444444444,104019,Kristof Vliegen,193.0,30,0.4,0.3636363636363636,0.125,0.6074134037970064,0.6743126797569698,0.5384615384615384,0.4482758620689655,4.2,2.8,False
117,104198,Guillermo Garcia Lopez,27.7180013689,188.0,23.0,R,ESP,0.47,498.0,0.998,498.0,0.9979959919839679,0.2890625,0.4396984924623116,0.4192139737991266,0.5251141552511416,0.5306122448979592,0.0,104198,Guillermo Garcia Lopez,188.0,30,0.4333333333333333,0.4166666666666667,0.3,0.640742230002521,0.6456699905819908,0.6033755274261603,0.441340782122905,2.333333333333333,2.9,True
118,104081,Boris Pashanski,23.3374401095,180.0,56.0,R,SRB,0.35,51.0,0.823,51.0,0.8225806451612904,0.07692307692307693,0.28205128205128205,0.375,0.36585365853658536,0.0,0.5,104081,Boris Pashanski,180.0,30,0.3,0.2,0.0,0.5762108783212552,0.6740408620016416,0.5963636363636363,0.3315508021390374,2.6333333333333333,4.166666666666667,False
119,103808,Potito Starace,26.2532511978,188.0,27.0,R,ITA,0.46,242.0,0.945,242.0,0.9453125,0.23809523809523808,0.4264705882352941,0.36363636363636365,0.5224719101123596,0.0,0.4,103808,Potito Starace,188.0,30,0.4333333333333333,0.4545454545454545,0.4,0.7470139954358977,0.6462657894204966,0.6428571428571429,0.4540816326530612,2.6333333333333333,1.9,True
120,104527,Stan Wawrinka,28.9308692676,183.0,3.0,R,SUI,0.64,568.0,0.944,568.0,0.9435215946843853,0.4708333333333333,0.6181102362204725,0.6460176991150443,0.6650943396226415,0.5,0.4444444444444444,104527,Stan Wawrinka,183.0,30,0.4,0.4166666666666667,0.1666666666666666,0.5751642815103499,0.7007719558473012,0.6538461538461539,0.3478260869565217,5.666666666666667,3.433333333333333,True
121,104607,Tomas Berdych,29.6837782341,196.0,4.0,R,CZE,0.66,716.0,0.956,716.0,0.9559412550066756,0.46875,0.6211656441717791,0.6659751037344398,0.6307692307692307,0.6379310344827587,0.7142857142857143,104607,Tomas Berdych,196.0,30,0.3,0.2692307692307692,0.0833333333333333,0.5581162484271635,0.7012032427771765,0.5429864253393665,0.3543689320388349,6.6,3.466666666666667,True
122,104154,Paul Capdeville,26.1273100616,190.0,76.0,R,CHI,0.41,80.0,0.833,80.0,0.8333333333333334,0.2,0.3076923076923077,0.391304347826087,0.42857142857142855,0.42857142857142855,0.0,104154,Paul Capdeville,190.0,30,0.4333333333333333,0.4090909090909091,0.3333333333333333,0.5888205675196426,0.6711872202717932,0.5573770491803278,0.4324324324324324,4.8,3.433333333333333,False
123,104214,Igor Andreev,25.5195071869,185.0,19.0,R,RUS,0.52,320.0,0.938,320.0,0.9384164222873901,0.3333333333333333,0.49224806201550386,0.5,0.525,0.5,0.5882352941176471,104214,Igor Andreev,185.0,30,0.5333333333333333,0.4782608695652174,0.5,0.6213809297380668,0.6954087908786458,0.5482233502538071,0.4795918367346938,4.333333333333333,2.8,True
124,104312,Andreas Seppi,28.9363449692,190.0,18.0,R,ITA,0.49,549.0,0.967,549.0,0.9665492957746479,0.24861878453038674,0.44562899786780386,0.47586206896551725,0.5025641025641026,0.5753424657534246,0.3,104312,Andreas Seppi,190.0,30,0.4666666666666667,0.4074074074074074,0.5,0.5585976419995988,0.6971913645317359,0.6447876447876448,0.3693693693693693,3.333333333333333,3.1333333333333333,True
125,104252,Florian Mayer,27.7070499658,190.0,18.0,R,GER,0.49,380.0,0.977,380.0,0.9768637532133676,0.272,0.41914191419141916,0.4318181818181818,0.5182926829268293,0.5777777777777777,0.5,104252,Florian Mayer,190.0,30,0.5,0.4,0.3636363636363636,0.6128691907797628,0.687115497601898,0.5813953488372093,0.4120603015075377,4.766666666666667,2.6666666666666665,True
126,104589,Chris Guccione,22.688569473,201.0,67.0,L,AUS,0.43,62.0,0.838,62.0,0.8378378378378378,0.2777777777777778,0.34615384615384615,0.5,0.1111111111111111,0.3333333333333333,0.0,104589,Chris Guccione,201.0,30,0.4,0.375,0.375,0.5973621081416547,0.7948908479481298,0.7120418848167539,0.2195121951219512,16.4,3.6666666666666665,False
127,104655,Pablo Cuevas,30.5434633812,180.0,20.0,R,URU,0.54,264.0,0.923,264.0,0.9230769230769231,0.2647058823529412,0.44607843137254904,0.391304347826087,0.6187845303867403,0.46153846153846156,0.0,104655,Pablo Cuevas,180.0,30,0.4666666666666667,0.4583333333333333,0.1666666666666666,0.6252926555366625,0.6799749629062728,0.572972972972973,0.375,5.566666666666666,1.9333333333333331,True
128,104338,Juan Monaco,28.3175906913,185.0,10.0,R,ARG,0.56,447.0,0.978,447.0,0.9781181619256017,0.3684210526315789,0.517426273458445,0.46308724832214765,0.6219931271477663,0.4166666666666667,0.4,104338,Juan Monaco,185.0,30,0.5333333333333333,0.55,0.4444444444444444,0.6693428147488174,0.6456568845789151,0.5198237885462555,0.4978540772532189,1.8,2.7,True
129,104597,Nicolas Almagro,25.7138945927,183.0,10.0,R,ESP,0.6,512.0,0.975,512.0,0.9752380952380952,0.3253012048192771,0.5397196261682243,0.47530864197530864,0.6617647058823529,0.5,0.0,104597,Nicolas Almagro,183.0,30,0.3666666666666666,0.3333333333333333,0.1428571428571428,0.6176221715160747,0.7031802271638855,0.672,0.3862433862433862,5.966666666666667,2.966666666666667,True
130,104559,Teymuraz Gabashvili,30.6557152635,188.0,44.0,R,RUS,0.39,242.0,0.976,242.0,0.9758064516129032,0.20588235294117646,0.3484848484848485,0.3776223776223776,0.4166666666666667,0.3076923076923077,0.375,104559,Teymuraz Gabashvili,188.0,30,0.3666666666666666,0.24,0.2,0.5445817760815216,0.7336169985117762,0.5025641025641026,0.3508771929824561,5.766666666666667,3.3,False
131,104676,Andreas Beck,23.7590691307,190.0,34.0,L,GER,0.38,74.0,0.974,74.0,0.9736842105263158,0.1111111111111111,0.3,0.37037037037037035,0.40425531914893614,0.0,0.0,104676,Andreas Beck,190.0,30,0.5,0.4347826086956521,0.2857142857142857,0.5847862462650325,0.6999084385017629,0.6367713004484304,0.35,4.266666666666667,4.233333333333333,False
132,104523,Frederico Gil,24.1697467488,178.0,66.0,R,POR,0.48,85.0,0.794,85.0,0.794392523364486,0.16,0.3787878787878788,0.38461538461538464,0.5645161290322581,0.0,0.5,104523,Frederico Gil,178.0,30,0.5,0.4583333333333333,0.1818181818181818,0.6270437454118676,0.6699716278503053,0.6111111111111112,0.4010989010989011,2.6333333333333333,2.3666666666666667,False
133,104371,Ivo Minar,25.1635865845,183.0,62.0,R,CZE,0.36,74.0,0.961,74.0,0.961038961038961,0.16,0.288135593220339,0.4375,0.37142857142857144,0.125,0.0,104371,Ivo Minar,183.0,30,0.3666666666666666,0.3181818181818182,0.2307692307692307,0.542910860997176,0.6993946097028719,0.5634517766497462,0.3461538461538461,5.566666666666666,2.8,False
134,104925,Novak Djokovic,24.2135523614,188.0,1.0,R,SRB,0.82,779.0,0.958,779.0,0.958179581795818,0.7392290249433107,0.814404432132964,0.8389513108614233,0.7761194029850746,0.8656716417910447,0.7272727272727273,104925,Novak Djokovic,188.0,30,0.4333333333333333,0.4,0.1666666666666666,0.6296346126896033,0.6834011938043567,0.5976095617529881,0.3807339449541284,4.633333333333334,3.033333333333333,True
135,104593,Daniel Gimeno Traver,27.6112251882,185.0,48.0,R,ESP,0.37,214.0,1.0,214.0,1.0,0.1320754716981132,0.3313253012048193,0.2857142857142857,0.42857142857142855,0.0,0.0,104593,Daniel Gimeno Traver,185.0,30,0.3333333333333333,0.3333333333333333,0.0,0.6277541890916939,0.6850445282416753,0.5972222222222222,0.3832335329341317,3.733333333333333,2.2,False
137,104542,Jo-Wilfried Tsonga,26.8637919233,188.0,5.0,R,FRA,0.68,488.0,0.963,488.0,0.9625246548323472,0.47317073170731705,0.6539325842696629,0.6903409090909091,0.6448598130841121,0.7,0.75,104542,Jo-Wilfried Tsonga,188.0,30,0.5666666666666667,0.5769230769230769,0.5,0.6497048761093441,0.7657877233698974,0.6219512195121951,0.3862433862433862,9.333333333333334,2.0,True
138,104660,Sergiy Stakhovsky,24.7227926078,193.0,31.0,R,UKR,0.47,276.0,0.929,276.0,0.9292929292929293,0.20833333333333334,0.40930232558139534,0.4942528735632184,0.37142857142857144,0.5348837209302325,0.4,104660,Sergiy Stakhovsky,193.0,30,0.4666666666666667,0.45,0.5555555555555556,0.6324311144754231,0.7108763016337698,0.6142857142857143,0.3614457831325301,6.666666666666667,2.3666666666666667,False
139,104468,Gilles Simon,24.2929500342,183.0,7.0,R,FRA,0.59,615.0,0.976,615.0,0.9761904761904762,0.3605769230769231,0.5491329479768786,0.5978260869565217,0.59,0.5614035087719298,0.2,104468,Gilles Simon,183.0,30,0.5333333333333333,0.5833333333333334,0.4444444444444444,0.5529293498480566,0.6812828457075918,0.5564853556485355,0.4757281553398058,4.366666666666666,1.6333333333333333,True
140,104792,Gael Monfils,30.2039698836,193.0,6.0,R,FRA,0.63,535.0,0.98,535.0,0.9798534798534798,0.42995169082125606,0.5933333333333334,0.6340694006309149,0.6271186440677966,0.5813953488372093,0.6666666666666666,104792,Gael Monfils,193.0,30,0.5333333333333333,0.4782608695652174,0.375,0.5295198762239834,0.7161813203733275,0.538135593220339,0.4948453608247423,7.2,3.7,True
141,104571,Marcos Baghdatis,21.1772758385,183.0,8.0,R,CYP,0.56,442.0,0.965,442.0,0.9650655021834061,0.4178082191780822,0.5149051490514905,0.5728476821192053,0.4225352112676056,0.5633802816901409,0.9285714285714286,104571,Marcos Baghdatis,183.0,30,0.6333333333333333,0.5217391304347826,0.6153846153846154,0.5587054147687714,0.741003308236214,0.5924170616113744,0.4285714285714285,7.533333333333333,2.5,True
142,105385,Donald Young,22.598220397,183.0,38.0,L,USA,0.4,240.0,0.988,240.0,0.9876543209876543,0.2537313432835821,0.3333333333333333,0.43010752688172044,0.21428571428571427,0.3793103448275862,0.0,105385,Donald Young,183.0,30,0.2333333333333333,0.2272727272727272,0.0,0.5820456537543391,0.6395355607304185,0.5338645418326693,0.3384615384615385,3.3666666666666667,3.7666666666666666,False
143,104797,Denis Istomin,25.9329226557,188.0,33.0,R,UZB,0.48,355.0,0.917,355.0,0.917312661498708,0.2336448598130841,0.3797909407665505,0.4703196347031963,0.44761904761904764,0.5483870967741935,0.0,104797,Denis Istomin,188.0,30,0.4,0.28,0.1111111111111111,0.6452265565764629,0.6887976716398245,0.6153846153846154,0.3715846994535519,6.433333333333334,2.4,False
145,105208,Ernests Gulbis,25.7741273101,190.0,10.0,R,LAT,0.51,338.0,0.958,338.0,0.9575070821529745,0.3893805309734513,0.49295774647887325,0.5050505050505051,0.5086206896551724,0.46153846153846156,0.6923076923076923,105208,Ernests Gulbis,190.0,30,0.5,0.5416666666666666,0.3333333333333333,0.5967045482819877,0.7441557682746325,0.6792452830188679,0.4444444444444444,8.8,4.133333333333334,True
146,104918,Andy Murray,29.5030800821,190.0,1.0,R,GBR,0.76,630.0,0.963,630.0,0.963302752293578,0.6507936507936508,0.7364746945898778,0.7755555555555556,0.6637931034482759,0.7974683544303798,0.7777777777777778,104918,Andy Murray,190.0,30,0.6,0.4761904761904761,0.4615384615384615,0.5463712777588116,0.7470602390726474,0.5849056603773585,0.4322033898305085,5.933333333333334,3.0,True
147,104160,Lukas Dlouhy,22.984257358,185.0,73.0,R,CZE,0.3,52.0,0.852,52.0,0.8524590163934426,0.07142857142857142,0.20512820512820512,0.125,0.375,0.3333333333333333,0.2857142857142857,104160,Lukas Dlouhy,185.0,30,0.2333333333333333,0.238095238095238,0.1666666666666666,0.6249394149327203,0.6596959378578441,0.5475285171102662,0.4139784946236559,4.766666666666667,4.7,False
148,104122,Carlos Berlocq,29.1225188227,183.0,37.0,R,ARG,0.43,260.0,0.963,260.0,0.9629629629629629,0.21333333333333335,0.3674418604651163,0.3375,0.49700598802395207,0.2608695652173913,0.0,104122,Carlos Berlocq,183.0,30,0.3333333333333333,0.2631578947368421,0.25,0.6035855368237756,0.6420061367839435,0.55,0.4910179640718562,2.533333333333333,2.7,False
149,105227,Marin Cilic,29.3935660507,198.0,3.0,R,CRO,0.66,545.0,0.961,545.0,0.9611992945326279,0.4292682926829268,0.6131868131868132,0.6656891495601173,0.6335403726708074,0.6842105263157895,0.5,105227,Marin Cilic,198.0,30,0.4333333333333333,0.3888888888888889,0.5,0.528454335507321,0.724231747408187,0.599009900990099,0.3988095238095238,6.133333333333334,3.3,True
150,104534,Dudi Sela,24.2929500342,175.0,29.0,R,ISR,0.43,229.0,0.881,229.0,0.8807692307692307,0.18032786885245902,0.39106145251396646,0.45604395604395603,0.19444444444444445,0.5,1.0,104534,Dudi Sela,175.0,30,0.4333333333333333,0.44,0.1818181818181818,0.6154212313895576,0.679345891403805,0.5714285714285714,0.3688524590163934,2.033333333333333,2.933333333333333,True
151,104327,Steve Darcis,33.2101300479,178.0,38.0,R,BEL,0.43,163.0,0.896,163.0,0.8956043956043956,0.16,0.38848920863309355,0.4766355140186916,0.3404255319148936,0.4230769230769231,0.5,104327,Steve Darcis,178.0,30,0.4,0.4,0.0,0.5722711220728546,0.6884963157947281,0.5297297297297298,0.3782383419689119,5.066666666666666,1.8666666666666667,False
152,105223,Juan Martin del Potro,29.8863791923,198.0,3.0,R,ARG,0.72,432.0,0.966,432.0,0.9664429530201343,0.5615763546798029,0.7012987012987013,0.7267080745341615,0.6582278481012658,0.7441860465116279,0.6666666666666666,105223,Juan Martin del Potro,198.0,30,0.5,0.45,0.0,0.6552984707987055,0.7031157079240342,0.5860215053763441,0.4203539823008849,4.333333333333333,2.566666666666667,True
153,105041,Lukas Lacko,25.1991786448,185.0,44.0,R,SVK,0.4,167.0,0.898,167.0,0.8978494623655914,0.14583333333333334,0.30656934306569344,0.4264705882352941,0.2,0.4,0.0,105041,Lukas Lacko,185.0,30,0.3666666666666666,0.3461538461538461,0.2727272727272727,0.5732547943516484,0.7030731623332597,0.6347517730496454,0.3349514563106796,6.433333333333334,2.7,False
154,105053,Santiago Giraldo,26.8391512663,188.0,28.0,R,COL,0.45,261.0,0.916,261.0,0.9157894736842105,0.20987654320987653,0.36666666666666664,0.36283185840707965,0.5102040816326531,0.4583333333333333,0.0,105053,Santiago Giraldo,188.0,30,0.3,0.1904761904761904,0.125,0.6002724819252783,0.67727744920886,0.6143497757847534,0.3579545454545454,4.333333333333333,1.7333333333333334,True
155,105095,Evgeny Korolev,21.697467488,185.0,50.0,R,KAZ,0.41,112.0,0.966,112.0,0.9655172413793104,0.2903225806451613,0.3894736842105263,0.46153846153846156,0.38636363636363635,0.0,0.3333333333333333,105095,Evgeny Korolev,185.0,30,0.5,0.4444444444444444,0.3,0.5918540874825234,0.6862834864781339,0.6347826086956522,0.4406779661016949,5.366666666666666,3.8666666666666663,False
156,104926,Fabio Fognini,32.1423682409,178.0,9.0,R,ITA,0.55,485.0,0.966,485.0,0.9661354581673307,0.29411764705882354,0.49226804123711343,0.47115384615384615,0.6067415730337079,0.5185185185185185,0.0,104926,Fabio Fognini,178.0,30,0.3666666666666666,0.3,0.0,0.5472772887221432,0.6948515505979072,0.5546558704453441,0.4405940594059406,3.6666666666666665,4.133333333333334,True
157,105023,Sam Querrey,30.3901437372,198.0,11.0,R,USA,0.56,483.0,0.976,483.0,0.9757575757575757,0.33962264150943394,0.5074626865671642,0.5662650602409639,0.48314606741573035,0.6438356164383562,0.0,105023,Sam Querrey,198.0,30,0.5,0.4166666666666667,0.1111111111111111,0.5720612003991937,0.7798651603965355,0.64,0.4285714285714285,12.5,3.033333333333333,True
158,104719,Marcel Granollers,26.2614647502,190.0,20.0,R,ESP,0.44,325.0,0.997,325.0,0.9969325153374233,0.3020833333333333,0.3730769230769231,0.41134751773049644,0.4591194968553459,0.4230769230769231,0.0,104719,Marcel Granollers,190.0,30,0.4,0.3478260869565217,0.3333333333333333,0.5835923591136803,0.6782951857259701,0.603112840466926,0.3832599118942731,4.366666666666666,3.8333333333333335,True
159,104871,Jeremy Chardy,25.9986310746,188.0,25.0,R,FRA,0.5,412.0,0.998,412.0,0.9975786924939467,0.26143790849673204,0.4584527220630373,0.4744186046511628,0.532051282051282,0.5,0.0,104871,Jeremy Chardy,188.0,30,0.5,0.3478260869565217,0.2307692307692307,0.5917459925010851,0.7299970779787461,0.638095238095238,0.3467741935483871,9.0,4.4,True
160,104620,Simone Bolelli,23.3210130048,183.0,37.0,R,ITA,0.41,203.0,0.935,203.0,0.9354838709677419,0.23809523809523808,0.3522727272727273,0.33663366336633666,0.45054945054945056,0.5652173913043478,0.5,104620,Simone Bolelli,183.0,30,0.3333333333333333,0.3043478260869565,0.1538461538461538,0.6554450787610736,0.6792722342519727,0.585,0.3688524590163934,4.133333333333334,1.1666666666666667,False
161,104898,Robin Haase,30.3572895277,190.0,35.0,R,NED,0.47,359.0,0.962,359.0,0.9624664879356568,0.29591836734693877,0.4,0.45454545454545453,0.5208333333333334,0.40476190476190477,0.0,104898,Robin Haase,190.0,30,0.4333333333333333,0.3636363636363636,0.2222222222222222,0.5959596533217213,0.7168482889752834,0.6536796536796536,0.351063829787234,6.566666666666666,2.933333333333333,False
162,104999,Mischa Zverev,29.9411362081,190.0,26.0,L,GER,0.39,220.0,1.0,220.0,1.0,0.32786885245901637,0.3522727272727273,0.3620689655172414,0.3275862068965517,0.5333333333333333,0.0,104999,Mischa Zverev,190.0,30,0.4,0.3333333333333333,0.3333333333333333,0.659282870463984,0.6572057734735427,0.5932203389830508,0.3850267379679144,4.733333333333333,1.6666666666666667,True
164,105238,Alexandr Dolgopolov,23.7837097878,180.0,15.0,R,UKR,0.52,345.0,0.986,345.0,0.9857142857142858,0.3418803418803419,0.4916387959866221,0.5428571428571428,0.4666666666666667,0.5428571428571428,0.0,105238,Alexandr Dolgopolov,180.0,30,0.4666666666666667,0.3809523809523809,0.2857142857142857,0.5488151353319097,0.7241992388665158,0.6143497757847534,0.3429951690821256,7.733333333333333,2.533333333333333,True
165,104678,Viktor Troicki,25.3552361396,193.0,12.0,R,SRB,0.53,400.0,0.955,400.0,0.954653937947494,0.33093525179856115,0.4899713467048711,0.5416666666666666,0.5132743362831859,0.5,0.0,104678,Viktor Troicki,193.0,30,0.4333333333333333,0.4166666666666667,0.2222222222222222,0.6040054550317132,0.6867488556339384,0.5097087378640777,0.3698630136986301,5.866666666666666,2.966666666666667,True
166,104724,Eduardo Schwank,24.0848733744,183.0,49.0,R,ARG,0.39,72.0,0.947,72.0,0.9473684210526315,0.11764705882352941,0.38095238095238093,0.2692307692307692,0.48936170212765956,0.0,0.0,104724,Eduardo Schwank,183.0,30,0.3666666666666666,0.391304347826087,0.25,0.6015645536247064,0.6636335096412612,0.660377358490566,0.3804347826086957,4.466666666666667,3.5,False
167,105217,Thiemo De Bakker,21.7905544148,193.0,41.0,R,NED,0.43,95.0,0.888,95.0,0.8878504672897196,0.28205128205128205,0.35714285714285715,0.39655172413793105,0.5,0.36363636363636365,0.0,105217,Thiemo De Bakker,193.0,30,0.5333333333333333,0.5384615384615384,0.3333333333333333,0.6123865301854156,0.7132037489650905,0.632183908045977,0.4605263157894737,7.633333333333334,1.5,False
168,104978,Daniel Brands,26.1108829569,196.0,51.0,R,GER,0.39,127.0,1.0,127.0,1.0,0.25806451612903225,0.3125,0.4,0.4,0.3333333333333333,0.0,104978,Daniel Brands,196.0,30,0.4,0.3636363636363636,0.2,0.6477634580483025,0.7417811721309395,0.6414141414141414,0.3142857142857143,8.033333333333333,3.566666666666667,False
169,104545,John Isner,28.9472963723,206.0,9.0,R,USA,0.62,515.0,0.979,515.0,0.9790874524714829,0.41818181818181815,0.5842956120092379,0.6253443526170799,0.5576923076923077,0.711864406779661,0.0,104545,John Isner,206.0,30,0.4666666666666667,0.44,0.3333333333333333,0.6653778727864769,0.7773258127944109,0.6466165413533834,0.2116788321167883,17.666666666666668,3.6666666666666665,True
170,105453,Kei Nishikori,25.1718001369,178.0,4.0,R,JPN,0.68,426.0,0.968,426.0,0.9681818181818181,0.4506172839506173,0.649025069637883,0.6713780918727915,0.7289719626168224,0.6530612244897959,1.0,105453,Kei Nishikori,178.0,30,0.5666666666666667,0.5384615384615384,0.3333333333333333,0.5857337648319184,0.7053993575140947,0.595,0.4271356783919598,3.466666666666667,3.2666666666666666,True
171,105137,Pere Riba,23.1047227926,183.0,65.0,R,ESP,0.29,65.0,0.985,65.0,0.9848484848484849,0.08333333333333333,0.23529411764705882,0.07142857142857142,0.36,0.0,0.0,105137,Pere Riba,183.0,30,0.4,0.2857142857142857,0.1428571428571428,0.5461090426478268,0.6532703964656582,0.5261044176706827,0.4472361809045226,5.333333333333333,2.966666666666667,False
172,105373,Martin Klizan,26.6173853525,190.0,25.0,L,SVK,0.49,223.0,0.933,223.0,0.9330543933054394,0.2857142857142857,0.45555555555555555,0.4608695652173913,0.5596330275229358,0.26666666666666666,0.0,105373,Martin Klizan,190.0,30,0.5666666666666667,0.4761904761904761,0.2857142857142857,0.5508391702577222,0.7074741038262683,0.6108786610878661,0.436,4.1,3.6666666666666665,True
173,104731,Kevin Anderson,32.2765229295,203.0,5.0,R,RSA,0.59,434.0,0.98,434.0,0.9796839729119639,0.3836477987421384,0.5459459459459459,0.6038338658146964,0.5238095238095238,0.6521739130434783,0.0,104731,Kevin Anderson,203.0,30,0.3666666666666666,0.2608695652173913,0.1666666666666666,0.6596839310236047,0.7420098000682935,0.5862068965517241,0.3375,8.633333333333333,3.2333333333333334,True
174,105064,Thomaz Bellucci,22.5708418891,188.0,21.0,L,BRA,0.47,291.0,0.921,291.0,0.9208860759493671,0.23595505617977527,0.4156378600823045,0.4090909090909091,0.5402298850574713,0.1111111111111111,0.0,105064,Thomaz Bellucci,188.0,30,0.3333333333333333,0.2916666666666667,0.0,0.5974014177816238,0.689930862593117,0.5684647302904564,0.3678756476683937,6.766666666666667,2.966666666666667,True
175,105062,Mikhail Kukushkin,31.3210130048,183.0,40.0,R,KAZ,0.43,238.0,0.952,238.0,0.952,0.2948717948717949,0.38341968911917096,0.4563758389261745,0.391304347826087,0.41379310344827586,0.3333333333333333,105062,Mikhail Kukushkin,183.0,30,0.3666666666666666,0.3181818181818182,0.1666666666666666,0.5898328172161184,0.6433971720994994,0.59375,0.4352941176470588,3.5,1.6666666666666667,False
176,104979,Andrey Golubev,23.2224503765,185.0,33.0,R,KAZ,0.34,129.0,0.921,129.0,0.9214285714285714,0.22727272727272727,0.22641509433962265,0.325,0.3888888888888889,0.0,0.0,104979,Andrey Golubev,185.0,30,0.2333333333333333,0.16,0.1111111111111111,0.5723026052894341,0.7020927550835337,0.5644444444444444,0.3873239436619718,4.933333333333334,3.9,False
177,105577,Vasek Pospisil,23.6741957563,193.0,27.0,R,CAN,0.44,192.0,0.95,192.0,0.9504950495049505,0.25,0.4012345679012346,0.4934210526315789,0.06666666666666667,0.35294117647058826,0.0,105577,Vasek Pospisil,193.0,30,0.3333333333333333,0.2916666666666667,0.2,0.5535692604493996,0.7531221445525991,0.6135265700483091,0.3815028901734104,10.633333333333333,4.166666666666667,True
178,105311,Joao Sousa,27.1293634497,185.0,28.0,R,POR,0.49,294.0,0.958,294.0,0.9576547231270358,0.3037974683544304,0.43577981651376146,0.46153846153846156,0.5238095238095238,0.44,0.0,105311,Joao Sousa,185.0,30,0.4666666666666667,0.4285714285714285,0.3333333333333333,0.6082268208262662,0.6742090383637543,0.5606694560669456,0.3809523809523809,2.9,2.566666666666667,True
179,105992,Ryan Harrison,25.2320328542,183.0,40.0,R,USA,0.42,206.0,0.99,206.0,0.9903846153846154,0.16,0.3988439306358382,0.4507042253521127,0.3125,0.38235294117647056,0.0,105992,Ryan Harrison,183.0,30,0.4,0.3478260869565217,0.2,0.5694515098544718,0.6753840915661335,0.5486725663716814,0.3834951456310679,5.666666666666667,4.333333333333333,False
180,105173,Adrian Mannarino,29.7193702943,183.0,22.0,L,FRA,0.46,292.0,1.0,292.0,1.0,0.25882352941176473,0.3853211009174312,0.45989304812834225,0.2682926829268293,0.5625,0.0,105173,Adrian Mannarino,183.0,30,0.3666666666666666,0.2727272727272727,0.2,0.5867087763195524,0.6668913678186886,0.552,0.3941176470588235,3.633333333333333,3.033333333333333,True
181,105777,Grigor Dimitrov,26.6694045175,188.0,3.0,R,BUL,0.62,386.0,0.977,386.0,0.9772151898734177,0.4295774647887324,0.584375,0.6254980079681275,0.59375,0.6304347826086957,1.0,105777,Grigor Dimitrov,188.0,30,0.4,0.3,0.2,0.5915585508333178,0.6969888270704396,0.5759162303664922,0.3103448275862069,5.033333333333333,3.466666666666667,True
182,105668,Jerzy Janowicz,22.7460643395,203.0,14.0,R,POL,0.51,154.0,0.885,154.0,0.8850574712643678,0.3064516129032258,0.47794117647058826,0.5229357798165137,0.3611111111111111,0.64,0.75,105668,Jerzy Janowicz,203.0,30,0.4666666666666667,0.5,0.4545454545454545,0.6169392767109559,0.778755118994553,0.6571428571428571,0.4131736526946107,10.633333333333333,4.333333333333333,True
183,105147,Tatsuma Ito,24.4106776181,180.0,63.0,R,JPN,0.33,74.0,0.902,74.0,0.9024390243902439,0.16666666666666666,0.23636363636363636,0.28,0.3,0.4,1.0,105147,Tatsuma Ito,180.0,30,0.3333333333333333,0.28,0.2,0.5571316900785352,0.6459183543139663,0.5240174672489083,0.345679012345679,3.5,3.5,False
184,106071,Bernard Tomic,23.2224503765,193.0,17.0,R,AUS,0.5,284.0,0.956,284.0,0.9562289562289562,0.24731182795698925,0.41810344827586204,0.5555555555555556,0.22727272727272727,0.509090909090909,0.0,106071,Bernard Tomic,193.0,30,0.4,0.3461538461538461,0.2727272727272727,0.6503468905413892,0.674272338567027,0.5945945945945946,0.3448275862068966,6.166666666666667,2.2666666666666666,True
185,104919,Leonardo Mayer,28.1040383299,188.0,21.0,R,ARG,0.49,276.0,0.968,276.0,0.968421052631579,0.25675675675675674,0.4391304347826087,0.43333333333333335,0.5460992907801419,0.5,0.0,104919,Leonardo Mayer,188.0,30,0.5,0.4583333333333333,0.3333333333333333,0.5944625693475509,0.7316920722826141,0.6335078534031413,0.3406113537117904,6.366666666666666,3.2666666666666666,True
186,105011,Illya Marchenko,29.0130047912,185.0,50.0,R,UKR,0.38,84.0,0.875,84.0,0.875,0.16666666666666666,0.27941176470588236,0.43283582089552236,0.14285714285714285,0.3333333333333333,0.0,105011,Illya Marchenko,185.0,30,0.4,0.28,0.2,0.5913774994615795,0.6926806154987274,0.5864978902953587,0.38,3.4,4.0,False
187,105575,Ricardas Berankis,25.9028062971,175.0,52.0,R,LTU,0.48,140.0,0.881,140.0,0.8805031446540881,0.29411764705882354,0.37037037037037035,0.5447154471544715,0.3181818181818182,0.15384615384615385,1.0,105575,Ricardas Berankis,175.0,30,0.5333333333333333,0.4782608695652174,0.3333333333333333,0.504130986593753,0.7384996584798695,0.5948717948717949,0.3823529411764705,5.6,4.266666666666667,False
188,105936,Filip Krajinovic,26.0561259411,185.0,27.0,R,SRB,0.48,91.0,0.968,91.0,0.9680851063829787,0.20833333333333334,0.4084507042253521,0.4915254237288136,0.48484848484848486,0.0,0.0,105936,Filip Krajinovic,185.0,30,0.3333333333333333,0.2608695652173913,0.25,0.6027985341128836,0.6445390137904609,0.5531914893617021,0.375,3.733333333333333,1.9333333333333331,True
189,105558,Guillaume Rufin,23.0800821355,188.0,85.0,R,FRA,0.35,36.0,0.973,36.0,0.972972972972973,0.14285714285714285,0.3225806451612903,0.4375,0.26666666666666666,0.3333333333333333,0.0,105558,Guillaume Rufin,188.0,30,0.3333333333333333,0.2916666666666667,0.1538461538461538,0.5550884239326026,0.6951987683787365,0.605072463768116,0.3786407766990291,7.533333333333333,4.7,False
190,105643,Federico Delbonis,25.6125941136,190.0,33.0,L,ARG,0.44,185.0,0.984,185.0,0.9840425531914894,0.2222222222222222,0.41216216216216217,0.2391304347826087,0.5333333333333333,0.0,0.0,105643,Federico Delbonis,190.0,30,0.4666666666666667,0.4545454545454545,0.25,0.6107036809939534,0.7192854631648687,0.5838150289017341,0.4512195121951219,2.966666666666667,2.7333333333333334,False
191,105683,Milos Raonic,26.0177960301,196.0,3.0,R,CAN,0.66,348.0,0.961,348.0,0.9613259668508287,0.45517241379310347,0.6363636363636364,0.6763485477178424,0.631578947368421,0.6444444444444445,0.0,105683,Milos Raonic,196.0,30,0.5333333333333333,0.4782608695652174,0.5,0.6217900934297357,0.7864966735364871,0.6455696202531646,0.3653846153846153,15.566666666666666,2.7333333333333334,True
192,105657,Marius Copil,28.2436687201,193.0,60.0,R,ROU,0.44,99.0,0.917,99.0,0.9166666666666666,0.18518518518518517,0.30434782608695654,0.5230769230769231,0.2413793103448276,0.42857142857142855,0.0,105657,Marius Copil,193.0,30,0.4,0.3333333333333333,0.25,0.5942443079920372,0.7416139116260558,0.6226415094339622,0.2857142857142857,10.133333333333333,2.466666666666667,False
193,105723,Andrey Kuznetsov,25.1909650924,185.0,39.0,R,RUS,0.44,127.0,0.969,127.0,0.9694656488549618,0.18421052631578946,0.37755102040816324,0.44642857142857145,0.45,0.3333333333333333,0.0,105723,Andrey Kuznetsov,185.0,30,0.3333333333333333,0.25,0.3333333333333333,0.5831277420056769,0.6878501268916307,0.5859030837004405,0.3256880733944954,4.3,2.8,False
194,105051,Matthew Ebden,30.636550308,188.0,43.0,R,AUS,0.38,151.0,0.981,151.0,0.9805194805194806,0.18421052631578946,0.30357142857142855,0.4056603773584906,0.07692307692307693,0.42857142857142855,0.0,105051,Matthew Ebden,188.0,30,0.4,0.36,0.3,0.6237455302200998,0.6951664908117468,0.6,0.388235294117647,5.4,3.433333333333333,False
195,105379,Aljaz Bedene,28.59137577,181.0,43.0,R,SLO,0.45,158.0,0.969,158.0,0.9693251533742331,0.24324324324324326,0.3709677419354839,0.4594594594594595,0.44285714285714284,0.42105263157894735,0.0,105379,Aljaz Bedene,181.0,30,0.4,0.3478260869565217,0.1666666666666666,0.5785617632656953,0.7268038836259684,0.5879629629629629,0.4137931034482758,7.4,3.466666666666667,False
196,105077,Albert Ramos,29.325119781,188.0,19.0,L,ESP,0.47,329.0,0.994,329.0,0.9939577039274925,0.29347826086956524,0.4085603112840467,0.3865546218487395,0.54,0.25,0.0,105077,Albert Ramos,188.0,30,0.4,0.3846153846153846,0.25,0.614723949201987,0.6617970046963537,0.6131687242798354,0.3645320197044335,3.2666666666666666,2.5,True
197,105539,Evgeny Donskoy,23.1266255989,185.0,66.0,R,RUS,0.35,116.0,0.983,116.0,0.9830508474576272,0.17857142857142858,0.29545454545454547,0.3875,0.25,0.2857142857142857,0.0,105539,Evgeny Donskoy,185.0,30,0.3,0.2631578947368421,0.2857142857142857,0.5714216985748752,0.7154855618357215,0.6161137440758294,0.3166666666666666,5.966666666666667,2.3,False
198,105583,Dusan Lajovic,28.8295687885,180.0,23.0,R,SRB,0.45,186.0,0.969,186.0,0.96875,0.1702127659574468,0.32116788321167883,0.3698630136986301,0.5238095238095238,0.2857142857142857,0.0,105583,Dusan Lajovic,180.0,30,0.4,0.3043478260869565,0.0,0.5941320395323539,0.6900060289274826,0.6255144032921811,0.44,4.866666666666666,2.8,True
199,105332,Benoit Paire,26.6776180698,196.0,18.0,R,FRA,0.5,334.0,1.0,334.0,1.0,0.3269230769230769,0.4664179104477612,0.4915254237288136,0.5083333333333333,0.5405405405405406,0.0,105332,Benoit Paire,196.0,30,0.4666666666666667,0.3333333333333333,0.125,0.5105286301093224,0.7238255397521538,0.5753968253968254,0.3911290322580645,8.166666666666666,4.733333333333333,True
200,106045,Denis Kudla,23.8028747433,180.0,56.0,R,USA,0.29,95.0,1.0,95.0,1.0,0.12,0.2463768115942029,0.21153846153846154,0.23076923076923078,0.4666666666666667,0.0,106045,Denis Kudla,180.0,30,0.3333333333333333,0.3157894736842105,0.1666666666666666,0.5745187890566773,0.6739438287111239,0.608058608058608,0.4257425742574257,3.4,3.1333333333333333,False
201,106000,Damir Dzumhur,26.1163586585,172.0,23.0,R,BIH,0.52,149.0,0.92,149.0,0.9197530864197531,0.20833333333333334,0.4247787610619469,0.5148514851485149,0.48936170212765956,0.6428571428571429,0.0,106000,Damir Dzumhur,172.0,30,0.4333333333333333,0.391304347826087,0.1,0.647367642775753,0.6456703980108749,0.5,0.4224137931034483,3.066666666666667,2.2666666666666666,True
202,105449,Steve Johnson,26.5845311431,188.0,21.0,R,USA,0.52,238.0,0.992,238.0,0.9916666666666667,0.34177215189873417,0.47540983606557374,0.4897959183673469,0.5510204081632653,0.5681818181818182,0.0,105449,Steve Johnson,188.0,30,0.4,0.3684210526315789,0.5,0.5762682737290794,0.7272186352445708,0.7112970711297071,0.3684210526315789,9.933333333333334,4.233333333333333,True
203,106058,Jack Sock,25.2895277207,185.0,8.0,R,USA,0.54,220.0,0.991,220.0,0.990990990990991,0.3888888888888889,0.4972677595628415,0.525,0.5909090909090909,0.5555555555555556,0.0,106058,Jack Sock,185.0,30,0.4,0.3181818181818182,0.25,0.5479174387885782,0.7189353463147587,0.646551724137931,0.3859649122807017,7.633333333333334,5.233333333333333,True
204,105676,David Goffin,26.9541409993,180.0,7.0,R,BEL,0.59,302.0,0.962,302.0,0.9617834394904459,0.3853211009174312,0.5478927203065134,0.6097560975609756,0.5930232558139535,0.43478260869565216,0.0,105676,David Goffin,180.0,30,0.4666666666666667,0.375,0.3076923076923077,0.57716654352005,0.6961042418908683,0.6069868995633187,0.3415637860082304,4.266666666666667,4.633333333333334,True
205,105807,Pablo Carreno Busta,26.2258726899,188.0,10.0,R,ESP,0.51,236.0,0.996,236.0,0.9957805907172996,0.34375,0.455026455026455,0.5137614678899083,0.5166666666666667,0.25,0.0,105807,Pablo Carreno Busta,188.0,30,0.4,0.4074074074074074,0.1818181818181818,0.5905592567726416,0.669175470038953,0.5138888888888888,0.4318181818181818,2.9,1.9,True
206,106233,Dominic Thiem,24.1943874059,185.0,4.0,R,AUT,0.63,291.0,0.986,291.0,0.9864406779661017,0.5137614678899083,0.6219512195121951,0.5533333333333333,0.746031746031746,0.47368421052631576,0.0,106233,Dominic Thiem,185.0,30,0.5333333333333333,0.5,0.3333333333333333,0.5582018265050147,0.7507363916152487,0.6534653465346535,0.3645320197044335,5.2,2.966666666666667,True
207,105902,James Duckworth,23.3401779603,183.0,83.0,R,AUS,0.29,49.0,1.0,49.0,1.0,0.07692307692307693,0.17647058823529413,0.3142857142857143,0.2857142857142857,0.14285714285714285,0.0,105902,James Duckworth,183.0,30,0.3333333333333333,0.2272727272727272,0.1428571428571428,0.5905900608411122,0.7116113149602143,0.6410256410256411,0.3218390804597701,9.733333333333333,3.1,False
208,106210,Jiri Vesely,21.7960301164,198.0,35.0,L,CZE,0.45,174.0,0.956,174.0,0.9560439560439561,0.28,0.38848920863309355,0.3815789473684211,0.47619047619047616,0.5909090909090909,0.0,106210,Jiri Vesely,198.0,30,0.4333333333333333,0.48,0.1666666666666666,0.6158084747906698,0.7229497777152678,0.59,0.3560975609756097,6.033333333333333,4.333333333333333,False
209,106426,Cristian Garin,23.3538672142,185.0,32.0,R,CHI,0.46,43.0,0.935,43.0,0.9347826086956522,0.3076923076923077,0.3548387096774194,0.35714285714285715,0.5517241379310345,0.0,0.0,106426,Cristian Garin,185.0,30,0.4666666666666667,0.3888888888888889,0.3636363636363636,0.5971996616429613,0.6722029704265826,0.5662650602409639,0.4143426294820717,4.1,3.033333333333333,False
210,106298,Lucas Pouille,24.1040383299,185.0,11.0,R,FRA,0.57,154.0,1.0,154.0,1.0,0.37209302325581395,0.5573770491803278,0.5806451612903226,0.5348837209302325,0.6111111111111112,0.0,106298,Lucas Pouille,185.0,30,0.4,0.3333333333333333,0.25,0.5605853855839571,0.6928913768867024,0.6169354838709677,0.3776595744680851,5.833333333333333,3.066666666666667,True
211,106043,Diego Schwartzman,25.8562628337,170.0,11.0,R,ARG,0.54,180.0,0.994,180.0,0.994475138121547,0.3584905660377358,0.4863013698630137,0.5662650602409639,0.5454545454545454,0.3,0.0,106043,Diego Schwartzman,170.0,30,0.3,0.2692307692307692,0.0,0.6076329502671975,0.6018680574185173,0.50199203187251,0.4829059829059829,1.9333333333333331,3.2666666666666666,True
212,105526,Jan Lennard Struff,29.18275154,193.0,33.0,R,GER,0.43,178.0,0.989,178.0,0.9888888888888889,0.2641509433962264,0.38345864661654133,0.43529411764705883,0.4520547945205479,0.36363636363636365,0.0,105526,Jan Lennard Struff,193.0,30,0.4,0.2727272727272727,0.1428571428571428,0.6042515466577002,0.7221684515006801,0.5759162303664922,0.365482233502538,6.2,3.0,False
213,106148,Roberto Carballes Baena,24.9117043121,183.0,72.0,R,ESP,0.49,73.0,1.0,73.0,1.0,0.1,0.34,0.4444444444444444,0.5254237288135594,0.2,0.0,106148,Roberto Carballes Baena,183.0,30,0.5333333333333333,0.4,0.25,0.6064545398644398,0.6863551453809512,0.5841584158415841,0.4602272727272727,3.066666666666667,3.466666666666667,False
214,106401,Nick Kyrgios,21.7248459959,193.0,13.0,R,AUS,0.6,142.0,0.979,142.0,0.9793103448275862,0.423728813559322,0.5983606557377049,0.6063829787234043,0.5625,0.631578947368421,0.0,106401,Nick Kyrgios,193.0,30,0.5666666666666667,0.56,0.3571428571428571,0.6456962340851009,0.7498739079304007,0.6521739130434783,0.3382352941176471,16.066666666666666,4.066666666666666,True
215,106378,Kyle Edmund,23.7481177276,188.0,14.0,R,GBR,0.51,136.0,0.986,136.0,0.9855072463768116,0.2903225806451613,0.47413793103448276,0.527027027027027,0.5609756097560976,0.391304347826087,0.0,106378,Kyle Edmund,188.0,30,0.3333333333333333,0.2692307692307692,0.0,0.6056398890296448,0.7051242612904144,0.625,0.3446327683615819,5.566666666666666,2.5,True
217,100644,Alexander Zverev,20.5667351129,198.0,3.0,R,GER,0.68,220.0,1.0,220.0,1.0,0.5106382978723404,0.6417112299465241,0.6666666666666666,0.7027027027027027,0.6521739130434783,0.0,100644,Alexander Zverev,198.0,30,0.4666666666666667,0.4615384615384615,0.25,0.5814439357356368,0.6648635930181129,0.5638297872340425,0.4166666666666667,5.1,3.3666666666666667,True
218,106432,Borna Coric,22.0123203285,188.0,12.0,R,CRO,0.52,168.0,0.971,168.0,0.9710982658959537,0.29508196721311475,0.4966442953020134,0.4953271028037383,0.6,0.16666666666666666,0.0,106432,Borna Coric,188.0,30,0.4666666666666667,0.4642857142857143,0.3636363636363636,0.5840879791971777,0.7163719353827654,0.5736040609137056,0.3853658536585366,5.0,2.433333333333333,True
220,111202,Hyeon Chung,21.9657768652,188.0,21.0,R,KOR,0.54,92.0,0.948,92.0,0.9484536082474226,0.28125,0.44,0.5512820512820513,0.47058823529411764,0.5,0.0,111202,Hyeon Chung,188.0,30,0.4666666666666667,0.3333333333333333,0.0,0.6271558282746168,0.688391298495464,0.4936708860759494,0.4052863436123348,3.3666666666666667,2.3666666666666667,True
221,111513,Laslo Djere,24.0602327173,188.0,30.0,R,SRB,0.42,40.0,1.0,40.0,1.0,0.125,0.42857142857142855,0.2,0.5384615384615384,0.25,0.0,111513,Laslo Djere,188.0,30,0.4,0.4347826086956521,0.1428571428571428,0.6013923283111311,0.6873902868956114,0.6166666666666667,0.3041237113402061,5.366666666666666,3.7,True
222,106423,Thanasi Kokkinakis,19.1786447639,196.0,70.0,R,AUS,0.43,55.0,0.948,55.0,0.9482758620689655,0.38095238095238093,0.3541666666666667,0.45454545454545453,0.2857142857142857,0.42857142857142855,0.0,106423,Thanasi Kokkinakis,196.0,30,0.4,0.3846153846153846,0.3333333333333333,0.5893424599631311,0.7469463850114185,0.59375,0.3722222222222222,8.833333333333334,3.8666666666666663,False
223,106368,Ramkumar Ramanathan,24.2600958248,188.0,128.0,R,IND,0.5,37.0,0.974,37.0,0.9736842105263158,0.3333333333333333,0.3181818181818182,0.4583333333333333,0.0,0.6153846153846154,0.0,106368,Ramkumar Ramanathan,188.0,30,0.5333333333333333,0.3529411764705882,0.3333333333333333,0.5630138794837519,0.7355515392962763,0.6428571428571429,0.3802083333333333,8.633333333333333,4.7,False
224,111442,Jordan Thompson,25.234770705,183.0,43.0,R,AUS,0.39,66.0,1.0,66.0,1.0,0.2,0.34615384615384615,0.4634146341463415,0.3,0.26666666666666666,0.0,111442,Jordan Thompson,183.0,30,0.4,0.3846153846153846,0.3333333333333333,0.6060548741854902,0.7020579198144355,0.539906103286385,0.3761467889908257,5.366666666666666,3.066666666666667,False
225,106121,Taro Daniel,25.5797399042,191.0,64.0,R,JPN,0.35,73.0,0.948,73.0,0.948051948051948,0.0625,0.18181818181818182,0.32432432432432434,0.40540540540540543,0.0,0.0,106121,Taro Daniel,191.0,30,0.3,0.1428571428571428,0.0,0.638131648877322,0.6291980964818112,0.549618320610687,0.3834196891191709,2.966666666666667,2.933333333333333,False
226,105932,Nikoloz Basilashvili,27.2553045859,185.0,16.0,R,GEO,0.48,115.0,0.991,115.0,0.9913793103448276,0.25925925925925924,0.4069767441860465,0.5,0.4878048780487805,0.3333333333333333,0.6666666666666666,105932,Nikoloz Basilashvili,185.0,30,0.5,0.4210526315789473,0.2857142857142857,0.6402146314046763,0.6722587287936814,0.5263157894736842,0.3991416309012875,2.966666666666667,3.966666666666667,True
227,126207,Frances Tiafoe,21.0595482546,188.0,29.0,R,USA,0.43,90.0,1.0,90.0,1.0,0.35294117647058826,0.4473684210526316,0.45901639344262296,0.36363636363636365,0.42857142857142855,0.0,126207,Frances Tiafoe,188.0,30,0.3,0.3333333333333333,0.2142857142857142,0.5946785124096736,0.6992828439267981,0.5622119815668203,0.3705583756345177,8.533333333333333,2.966666666666667,True
228,106415,Yoshihito Nishioka,23.9890485969,170.0,60.0,L,JPN,0.46,71.0,1.0,71.0,1.0,0.22727272727272727,0.45,0.5166666666666667,0.25,0.0,0.0,106415,Yoshihito Nishioka,170.0,30,0.4,0.3478260869565217,0.0,0.5972342616218944,0.6658619240389198,0.5826446280991735,0.3925233644859813,2.033333333333333,2.2,False
229,126094,Andrey Rublev,22.0780287474,188.0,23.0,R,RUS,0.54,108.0,0.973,108.0,0.972972972972973,0.35294117647058826,0.5,0.5384615384615384,0.5384615384615384,0.5714285714285714,0.0,126094,Andrey Rublev,188.0,30,0.4,0.3928571428571428,0.1111111111111111,0.604725830648265,0.6904168110041937,0.5957446808510638,0.418848167539267,4.5,3.033333333333333,True
230,111797,Nicolas Jarry,23.7782340862,198.0,38.0,R,CHI,0.51,67.0,0.971,67.0,0.9710144927536232,0.2777777777777778,0.425531914893617,0.35294117647058826,0.6,0.2857142857142857,0.0,111797,Nicolas Jarry,198.0,30,0.5333333333333333,0.4444444444444444,0.3333333333333333,0.6238908714060741,0.7307250833088403,0.6666666666666666,0.3468208092485549,8.6,3.1,False
231,144719,Jaume Munar,22.0588637919,183.0,53.0,R,ESP,0.3,33.0,1.0,33.0,1.0,0.2,0.25925925925925924,0.16666666666666666,0.42105263157894735,0.0,0.0,144719,Jaume Munar,183.0,30,0.3,0.25,0.2,0.6350134466507655,0.6714681641897678,0.6050156739811913,0.3915094339622642,4.666666666666667,2.6333333333333333,False
232,126203,Taylor Fritz,21.749486653,193.0,28.0,R,USA,0.56,106.0,1.0,106.0,1.0,0.3125,0.5060240963855421,0.5753424657534246,0.5333333333333333,0.5,0.0,126203,Taylor Fritz,193.0,30,0.5,0.3636363636363636,0.1538461538461538,0.5729418559063274,0.7442095416253411,0.6436170212765957,0.3297297297297297,9.233333333333333,2.5,True
233,106329,Thiago Monteiro,22.841889117,183.0,81.0,L,BRA,0.43,61.0,0.968,61.0,0.9682539682539683,0.1,0.2972972972972973,0.25,0.5,0.3333333333333333,0.0,106329,Thiago Monteiro,183.0,30,0.4666666666666667,0.3333333333333333,0.1428571428571428,0.6612669485979226,0.6943773958508493,0.6036036036036037,0.3703703703703703,4.333333333333333,2.533333333333333,False
234,144750,Lloyd Harris,22.4229979466,193.0,85.0,R,RSA,0.54,33.0,0.943,33.0,0.9428571428571428,0.4,0.35,0.6428571428571429,0.2,0.0,0.0,144750,Lloyd Harris,193.0,30,0.5,0.2941176470588235,0.25,0.5769002477598654,0.7242973141103558,0.575,0.46875,8.5,2.6333333333333333,False
235,128034,Hubert Hurkacz,22.6502395619,196.0,34.0,R,POL,0.45,41.0,0.976,41.0,0.9761904761904762,0.18181818181818182,0.3870967741935484,0.46153846153846156,0.3333333333333333,0.5714285714285714,0.0,128034,Hubert Hurkacz,196.0,30,0.3333333333333333,0.3043478260869565,0.0,0.640371695846371,0.7068540475518991,0.6423076923076924,0.3155339805825243,7.833333333333333,4.466666666666667,False
237,106421,Daniil Medvedev,23.5947980835,198.0,4.0,R,RUS,0.59,115.0,0.983,115.0,0.9829059829059829,0.4186046511627907,0.5222222222222223,0.6410256410256411,0.3125,0.6086956521739131,0.0,106421,Daniil Medvedev,198.0,30,0.5333333333333333,0.5,0.25,0.6096164374589453,0.7166274168269137,0.6354679802955665,0.3666666666666666,6.7,2.9,True
238,124187,Reilly Opelka,22.2231348392,211.0,36.0,R,USA,0.5,48.0,1.0,48.0,1.0,0.42857142857142855,0.4444444444444444,0.5526315789473685,0.2,0.4,0.0,124187,Reilly Opelka,211.0,30,0.4666666666666667,0.4090909090909091,0.5,0.6183451524784561,0.796785820936987,0.6615384615384615,0.2344827586206896,20.133333333333333,3.8,False
239,133430,Denis Shapovalov,20.5941136208,185.0,15.0,L,CAN,0.6,105.0,1.0,105.0,1.0,0.43333333333333335,0.5842696629213483,0.6329113924050633,0.5882352941176471,0.3333333333333333,0.0,133430,Denis Shapovalov,185.0,30,0.5333333333333333,0.5217391304347826,0.3333333333333333,0.5756352531430818,0.7510471797090571,0.6318681318681318,0.3602150537634409,8.866666666666667,4.733333333333333,True
240,122330,Alexander Bublik,22.3244353183,196.0,48.0,R,KAZ,0.49,37.0,1.0,37.0,1.0,0.5555555555555556,0.5,0.46153846153846156,0.5,0.5714285714285714,0.0,122330,Alexander Bublik,196.0,30,0.5,0.5238095238095238,0.5714285714285714,0.5926096508762689,0.7416389171735143,0.539906103286385,0.4114583333333333,11.666666666666666,6.7,False
241,200282,Alex De Minaur,20.7118412047,183.0,18.0,R,AUS,0.62,71.0,0.986,71.0,0.9861111111111112,0.3333333333333333,0.6271186440677966,0.7142857142857143,0.2222222222222222,0.42857142857142855,0.0,200282,Alex De Minaur,183.0,30,0.4666666666666667,0.5,0.2,0.6118753716948533,0.6736901651104745,0.583969465648855,0.4016393442622951,4.633333333333334,3.7,True
242,126774,Stefanos Tsitsipas,20.7885010267,193.0,6.0,R,GRE,0.63,99.0,1.0,99.0,1.0,0.5909090909090909,0.5930232558139535,0.609375,0.6923076923076923,0.5555555555555556,0.0,126774,Stefanos Tsitsipas,193.0,30,0.4666666666666667,0.4444444444444444,0.4545454545454545,0.572467385750845,0.7682378753272301,0.6,0.3888888888888889,7.5,2.466666666666667,True
243,126610,Matteo Berrettini,23.5811088296,196.0,8.0,R,ITA,0.54,54.0,1.0,54.0,1.0,0.375,0.5,0.4090909090909091,0.625,0.625,0.0,126610,Matteo Berrettini,196.0,30,0.5,0.4090909090909091,0.1666666666666666,0.6066328585350697,0.763902292566193,0.5882352941176471,0.3459459459459459,7.366666666666666,2.3,True
244,111815,Cameron Norrie,23.6632443532,188.0,45.0,L,GBR,0.49,55.0,1.0,55.0,1.0,0.21428571428571427,0.4146341463414634,0.5161290322580645,0.5,0.4166666666666667,0.0,111815,Cameron Norrie,188.0,30,0.4666666666666667,0.3333333333333333,0.2727272727272727,0.6275972919023709,0.699960033103117,0.6428571428571429,0.3924050632911392,5.033333333333333,4.1,False
245,132283,Lorenzo Sonego,24.1396303901,191.0,46.0,R,ITA,0.48,33.0,1.0,33.0,1.0,0.2857142857142857,0.46153846153846156,0.36363636363636365,0.4666666666666667,0.7142857142857143,0.0,132283,Lorenzo Sonego,191.0,30,0.5333333333333333,0.5,0.3333333333333333,0.6453551072549627,0.7337731696099138,0.6244131455399061,0.3368983957219251,7.6,1.7333333333333334,False
